hotel_url,hotel_intr,hotel_price,hotel_comment,hotel_score,hotel_name,hotel_rank
http://hotel.qunar.com/city/tianjin_city/dt-10177/#from=BSEO-N,客房整洁，宽敞明亮，环境卫生，性价比较高。,¥116起,53条点评,4.1/5分,Q+天津红悦阳快捷酒店,天津好评第901
http://hotel.qunar.com/city/tianjin_city/dt-7127/#from=BSEO-N,该店客房整洁，宽敞明亮，环境卫生，配套设施齐全，服务周到，方便入住。,¥118起,70条点评,4.5/5分,Q+天津凯豪商务酒店,天津好评第252
http://hotel.qunar.com/city/tianjin_city/dt-9779/#from=BSEO-N,酒店位于中国魅力名镇杨柳青最繁华的中心地段，近邻石家大院，杨柳青年画馆等著名景观，距商贸步行街仅1.5公里左右，西距杨柳青火车站、长途...,¥128起,180条点评,4.5/5分,Q+天津津城之家商务酒店,天津好评第374
http://hotel.qunar.com/city/tianjin_city/dt-2977/#from=BSEO-N,位于天津著名人文风景旅游区天津五大道之一的常德道121号，至金街只有约1.5公里乘车10左右分钟到达，距天津电视塔、水上公园只需约1公...,¥139起,357条点评,4.3/5分,Q+天津茂根堂精品酒店,天津好评第712
http://hotel.qunar.com/city/honghe/dt-4941/#from=BSEO-N,建水可乐是一家倾力于打造给顾客提供舒适安宁的居住环境及便捷的出行路线。酒店房间提供：液晶迷你电脑、宽带上网、无线WIFI覆盖、液晶大屏...,¥75起,105条点评,4.1/5分,Q+建水县可乐快捷酒店,红河好评第241
http://hotel.qunar.com/city/honghe/dt-6008/#from=BSEO-N,酒店干净、舒适、便捷为理念，优质的星级床品、高速光纤WIFI、超大独立停车场等设施，无押金免查房、可延长至16点退房等服务.,¥78起,79条点评,4.5/5分,Q+建水优家城市酒店,红河好评第57
http://hotel.qunar.com/city/honghe/dt-2165/#from=BSEO-N,云南建水华清客栈位于建水古城内清式古香古色的步行街（翰林街）上，周围环境很安静、交通便利。距客栈200米左右就是中国经典民居朱家花园，...,¥97起,66条点评,4.4/5分,Q+建水华清客栈,红河好评第145
http://hotel.qunar.com/city/honghe/dt-5279/#from=BSEO-N,Home家是开远首家拥有不同风格的精品型酒店，酒店位于开远市灵泉东路开远公路管理总段，毗邻小松林广场公园、市公安局、市人民法院、电信大...,¥99起,439条点评,4.5/5分,Q+开远Home家精品酒店,红河好评第101
http://hotel.qunar.com/city/honghe/dt-5628/#from=BSEO-N,入住客栈即送原舍咖啡一杯（客栈楼下），连续入住两天或两间送马术体验一次（详询客栈）。阳光别院客栈位置非常得天独厚，向东200米是朱家花...,¥124起,210条点评,4.3/5分,Q+建水县阳光别院客栈,红河好评第192
http://hotel.qunar.com/city/honghe/dt-5616/#from=BSEO-N,酒店位于建水县新城区，距离古城1.5公里，交通便利，有单独的停车场。酒店秉承建水古城的建筑风格，庭院式设计，让您远离城市的喧嚣，置身于...,¥148起,261条点评,4.5/5分,Q+建水澜宁阁酒店,红河好评第57
http://hotel.qunar.com/city/beijing_city/dt-20755/#from=BSEO-N,北京七月天商务酒店座落于昌平区东小口镇北方明珠东门正对面，邻近塞纳维拉，周边有天通苑、龙德广场购物中心，交通便利，环境优美。酒店建筑面...,¥172起,302条点评,4.1/5分,Q+北京七月天商务酒店立水桥地铁站店,北京好评第2628
http://hotel.qunar.com/city/kaifeng/dt-3660/#from=BSEO-N,坐落于开封市龙亭区七盛角，四周环绕开封著名5A级景区清明上河园、4A景区中国翰园碑林、4A景区开封龙亭景区、万岁山大宋武侠城，以及周边...,¥87起,184条点评,4.5/5分,Q+开封遇见湖畔主题客栈,开封好评第55
http://hotel.qunar.com/city/yibin/dt-3039/#from=BSEO-N,月亮半岛主题酒店是由四川省月亮半岛酒店管理有限公司投资打造的一家时尚主题酒店。酒店坐落于长宁县温州商城，位于竹海大道一段888号，紧邻...,¥79起,176条点评,4.6/5分,Q+长宁月亮半岛主题酒店,宜宾好评第19
http://hotel.qunar.com/city/chengdu/dt-20182/#from=BSEO-N,每个房间独立高速WIFI，高清投影仪，24小时超大热水，星级酒店标准布草。距离衣冠庙地铁站步行仅需5分钟，地铁直达春熙路，熊猫基地。客...,¥39起,488条点评,4.9/5分,Q+成都好久不见青年旅舍锦里武侯祠店,成都好评第181
http://hotel.qunar.com/city/beijing_city/dt-29682/#from=BSEO-N,北京雷龙宾馆位于市中心积水潭桥西南角，二环路边，乘地铁2号线积水潭站下车，D出口出步行500米，新华百货后面即到。酒店环境幽雅安静，内...,¥268起,144条点评,4.5/5分,Q+北京雷龙商务主题酒店,北京好评第970
http://hotel.qunar.com/city/beijing_city/dt-35563/#from=BSEO-N,皓阳晚安酒店坐落于历史悠久的老北京皇城根下前门西大街正阳市场4号楼（天安门南400米处），紧邻地铁2号线前门站。看升国旗、参观故宫等只...,¥346起,298条点评,4.3/5分,Q+北京皓阳晚安酒店天安门店,北京好评第1937
http://hotel.qunar.com/city/beijing_city/dt-35448/#from=BSEO-N,北京早安西云阁酒店，即生活在别处。用当下去体味彼岸的情趣。北京早安西云阁酒店从来不只是酒店，更多的是一种共同价值观的分享。当我们每天奔...,¥564起,169条点评,4.5/5分,Q+早安酒店北京西云阁店,北京好评第611
http://hotel.qunar.com/city/kaifeng/dt-3452/#from=BSEO-N,游开封景点，住龙图客栈。龙图客栈是一家以明清为主题的住宿酒店，典雅的装修风格，精心打造豫东地区首家明清为主题的商务酒店。客栈位于龙亭区...,¥104起,275条点评,4.5/5分,Q+开封古韵龙图客栈龙亭景区店,开封好评第55
http://hotel.qunar.com/city/kaifeng/dt-3356/#from=BSEO-N,鱼跃龙门客栈，是一家以住宿为主的主题酒店，室内均由一流的设计机构以复古式风格精心设计、布局！ 酒店地处于开封市宋都御街中心地段，毗邻龙...,¥133起,568条点评,4.4/5分,Q+开封鱼跃龙门客栈,开封好评第144
http://hotel.qunar.com/city/kaifeng/dt-3550/#from=BSEO-N,开封东州驿站位于开封市大梁门附近，步行20分钟左右可达龙亭公园 、清明上河园、翰园碑林等著名景点。门前交通便利，各路公交直达开封各个角...,¥214起,102条点评,4.8/5分,Q+开封东州驿站,开封好评第19
http://hotel.qunar.com/city/yibin/dt-2294/#from=BSEO-N,月亮半岛商务酒店位于四川省有着长江第一城之称的宜宾市长江大道中段12号，距中国最具艺术品味的企业-五粮液集团仅10分钟车程，距宜宾菜坝...,¥80起,387条点评,4.4/5分,Q+宜宾月亮半岛商务酒店,宜宾好评第84
http://hotel.qunar.com/city/yibin/dt-2356/#from=BSEO-N,乐途时尚酒店是一家按照星级标准设计的时尚酒店，建筑布局采用了先进、优雅、时尚的设计理念，每个楼层的装修风格均不相同，您一进入酒店，犹如...,¥127起,707条点评,4.5/5分,Q+宜宾乐途时尚酒店,宜宾好评第59
http://hotel.qunar.com/city/yibin/dt-2366/#from=BSEO-N,宜宾月亮半岛城市精品酒店以时尚、浪漫情调为主题，属宜宾一家较具规模化、较具档次的精品酒店。酒店位于宜宾市临港开发区僰侯路146号，拥有...,¥206起,331条点评,4.5/5分,Q+宜宾月亮半岛城市精品酒店,宜宾好评第38
http://hotel.qunar.com/city/chengdu/dt-7587/#from=BSEO-N,古迹面前回望历史、树荫公园里散步品茶摆龙门阵品茶、大街小巷馆子里尝川味美食；临街牧电巷有各种特色餐饮“琴台古街、一品天下美食街、让你一...,¥85起,172条点评,4.4/5分,Q+成都瀛磊酒店,成都好评第2394
http://hotel.qunar.com/city/chengdu/dt-28817/#from=BSEO-N,酒店位于成都骡马市金融圈CBD核心位置，人民中路二段正府街77号，著名楼盘SG.珊顿道旁边。距离地铁1号线文殊院站E口、地铁4号线骡马...,¥99起,55条点评,4.5/5分,Q+成都尚品自主酒店文殊院正府街店,成都好评第1794
http://hotel.qunar.com/city/chengdu/dt-11819/#from=BSEO-N,客房整洁，宽敞明亮，环境卫生，性价比较高；,¥140起,132条点评,4.1/5分,Q+崇州慕斯音乐酒店,成都好评第3606
http://hotel.qunar.com/city/nanjing/dt-9423/#from=BSEO-N,南京馨康宾馆地处江宁区禄口街道，近谢村社区休闲广场，周边汇聚餐饮、娱乐、购物等设施，宾客出行便捷。宾馆整体装饰简约雅致，客房布置洁净齐...,¥128起,81条点评,4.8/5分,Q+南京馨康宾馆禄口机场店,南京好评第81
http://hotel.qunar.com/city/lijiang/dt-8784/#from=BSEO-N,一段往事，一点回忆！让心飞扬，让梦成真！客栈位于丽江大研古城狮子山景区。门口是茶马古道，进入客栈可以免收古城维护费。步行约300米有观...,¥78起,1601条点评,4.9/5分,Q+丽江古城心飞扬精品客栈,丽江好评第462
http://hotel.qunar.com/city/changsha/dt-14848/#from=BSEO-N,长沙这厢客栈位于长沙中心位置，紧靠天心阁，五一广场，贺龙体育场，交通非常便捷。是一家专为年轻人打造的便利高性价比的客栈，是客栈是青旅是...,¥41起,171条点评,4.5/5分,Q+长沙这厢客栈,长沙好评第648
http://hotel.qunar.com/city/haikou/dt-5494/#from=BSEO-N,幽静的三层独栋别墅，半自助式窝心的小客栈。门口就是公交车站。距离海南大学南门小吃街0.9公里，步行只需8分钟；距离海口地标钟楼1.8公...,¥35起,113条点评,4.4/5分,Q+海口一舍客栈,海口好评第219
http://hotel.qunar.com/city/guiyang/dt-7274/#from=BSEO-N,贵阳十三月酒店贵阳高铁北站店从设计之初，即立足给予每一位宾客个性化的温馨入住，酒店装修选用的材质均为环保材质，让顾客放心入住，用最贴心...,¥118起,7条点评,4.6/5分,Q+贵阳十三月酒店,贵阳好评第70
http://hotel.qunar.com/city/nanjing/dt-12259/#from=BSEO-N,客栈位于灵谷寺景区内，有车可至地铁2号线钟灵街（灵谷寺）站和公交202路灵谷寺公园站以及灵谷寺公园门口接送至公园内客栈。客栈地处灵谷寺...,¥145起,67条点评,4.5/5分,Q+南京深松客栈,南京好评第444
http://hotel.qunar.com/city/nanjing/dt-11057/#from=BSEO-N,907雅致公寓位于繁华的江宁万达广场F座9楼，地理位置优越，交通便利，配套齐全，万达购物中心、永辉超市、万达影院、各类餐饮娱乐场所就在...,¥189起,155条点评,4.3/5分,Q+南京907雅致公寓江宁万达广场店,南京好评第864
http://hotel.qunar.com/city/nanjing/dt-12683/#from=BSEO-N,南京范泰斯特酒店地处玉兰路与丁墙路的交汇处，明发商业广场内，步行至南京南站仅10分钟，近3号线明发广场站2B出口。明发商业广场商业发达...,¥208起,270条点评,4.5/5分,Q+南京范泰斯特酒店南站店,南京好评第294
http://hotel.qunar.com/city/nanjing/dt-12294/#from=BSEO-N,南京燕雀湖花园酒店位于南京禄口国际机场东门，紧邻候机楼，内设标准客房、商务单间、舒适家庭房。秉承古典盆景园林精美之设计，燕雀湖花园内倾...,¥245起,60条点评,4.6/5分,Q+南京燕雀湖花园酒店,南京好评第164
http://hotel.qunar.com/city/nanjing/dt-11912/#from=BSEO-N,向日葵酒店公寓（南京南站店）位于南京市雨花台区雨花东路158号3栋819，紫荆花路东与卡子门大街交汇处，对面是中石化加油站，距离宜家、...,¥288起,197条点评,4.6/5分,Q+南京向日葵酒店式公寓,南京好评第164
http://hotel.qunar.com/city/lijiang/dt-7162/#from=BSEO-N,丽江胡思雅舍精品客栈坐落在古城南门桥旁，进出古城极为便利，距古城中心位置四方街，大水车，酒吧街等步行5-7分钟。胡思雅舍精品客栈采用现...,¥96起,114条点评,4.9/5分,Q+丽江古城胡思雅舍精品客栈,丽江好评第462
http://hotel.qunar.com/city/lijiang/dt-11165/#from=BSEO-N,“何必居”秉承老丽江风情，不定期在客栈举办烧烤K歌派对，为南来北往的“陌生人”提供相遇、相识、相知的平台。 来吧，在丽江温暖的阳光下，...,¥138起,560条点评,4.9/5分,Q+丽江古城何必居好运客栈,丽江好评第462
http://hotel.qunar.com/city/lijiang/dt-11265/#from=BSEO-N,丽江小桥流水观景客栈位于丽江市大研古城，距离大水车、四方街3分钟左右路程，紧邻小溪边的大石桥，玉龙雪山流下来的溪水从客栈门口穿流而过，...,¥144起,1061条点评,4.9/5分,Q+丽江小桥流水观景客栈,丽江好评第462
http://hotel.qunar.com/city/lijiang/dt-2060/#from=BSEO-N,丽江千里走单骑2416客栈地处大研古城内，邻近古城中心四方街、万古楼、木府、小吃街等，距古城北门大水车步行约7分钟，出行非常方便，且闹...,¥238起,947条点评,4.8/5分,Q+丽江千里走单骑2416客栈,丽江好评第1312
http://hotel.qunar.com/city/lijiang/dt-12139/#from=BSEO-N,我们来丽江，在古城大水车遇见自己，在玉龙雪山遗忘过往，在木府聆听古城述说悠久的历史，漫步古城感受闲适光阴里的一花一木，感受清晨的露水打...,¥256起,149条点评,4.9/5分,Q+丽江彩云归精品度假客栈,丽江好评第462
http://hotel.qunar.com/city/lijiang/dt-11372/#from=BSEO-N,丽江古城赵公府邸客栈，位于国家5A级旅游城市丽江古城内五一街与七一街交汇处，总占地面积1000多平，以当地民族特色的古风韵味，纳西族传...,¥266起,280条点评,4.9/5分,Q+丽江赵公府邸客栈,丽江好评第462
http://hotel.qunar.com/city/lijiang/dt-11816/#from=BSEO-N,酒店位于丽江市大研古镇光义街忠义巷52号。以方便家庭、朋友结伴出游为主。家庭套房、复式观景房、大床房、套房等各种房型。紧邻忠义市场和木...,¥276起,404条点评,4.9/5分,Q+丽江诗悦之家精品客栈,丽江好评第462
http://hotel.qunar.com/city/changsha/dt-13094/#from=BSEO-N,长沙和锐快捷酒店位于五一广场商圈步行街商业中心。闹钟取静，小资情调。 酒店出门左转3分钟即到黄兴南路步行街，解放西酒吧街，化龙池，右转...,¥153起,817条点评,4.3/5分,Q+长沙和锐快捷酒店步行街店,长沙好评第1061
http://hotel.qunar.com/city/changsha/dt-13558/#from=BSEO-N,美宿一词源于法文“maison”，意寓为“家”，致力于为每一位顾客打造温馨的居住环境，体验诗意的栖居，让城市消失不见。慧友美宿芙蓉广场...,¥211起,3170条点评,4.9/5分,Q+长沙慧友美宿酒店芙蓉广场店,长沙好评第85
http://hotel.qunar.com/city/changsha/dt-13550/#from=BSEO-N,258公寓酒店（五一广场壹号公馆店）位于长沙芙蓉区南阳街，近五一广场，长沙步行街、橘子洲头、乐和城、平和堂、坡子街、芙蓉广场环绕，离五...,¥238起,652条点评,4.5/5分,Q+长沙258公寓酒店五一广场壹号公馆店,长沙好评第498
http://hotel.qunar.com/city/changsha/dt-14462/#from=BSEO-N,客房整洁，宽敞明亮，环境卫生，配套设施齐全，服务周到，方便入住。,¥259起,60条点评,4.5/5分,Q+长沙Miss情侣主题酒店,长沙好评第648
http://hotel.qunar.com/city/haikou/dt-5602/#from=BSEO-N,海口大自然客房座落在海口灵山镇琼文大道。距离美兰国际机场约5分钟车程，渡过南渡江就是海口闹市，离桂林洋高校区约十分钟车程。宾馆房间空间...,¥134起,130条点评,4.5/5分,Q+海口大自然客房,海口好评第158
http://hotel.qunar.com/city/haikou/dt-3722/#from=BSEO-N,Q+海口新万盛宾馆于2016年3-8月按星级标准及豪华高档、时尚新颖的风格进行设计装修，面积4168平方米，拥有豪华时尚客房60间、特...,¥143起,469条点评,4.5/5分,Q+海口新万盛宾馆,海口好评第103
http://hotel.qunar.com/city/haikou/dt-4559/#from=BSEO-N,酒店位于海口海秀西路，地理位置优越，距海口西站约5分钟，火车站约15分钟，跨海码头约10分钟路程。毗邻西海岸新区及假日海滩风景区，环境...,¥151起,1364条点评,4.3/5分,Q+海口太行明珠酒店,海口好评第283
http://hotel.qunar.com/city/guiyang/dt-5515/#from=BSEO-N,贵Q+阳金柏羽酒店是一家连锁酒店，主要集中于高端品牌，位于花溪区花溪大道中段579号（花溪大道南段站台），自然风景优美，距离十里河滩仅...,¥143起,141条点评,4.4/5分,Q+贵阳金柏羽酒店中曹司店,贵阳好评第291
http://hotel.qunar.com/city/guiyang/dt-5852/#from=BSEO-N,Q+贵阳荷庭悦色中式酒店文昌阁店位于贵阳市云岩区文昌北路98号，临近贵阳繁华地段喷水池、贵州师范大学宝山校区、贵阳著名景点文昌阁、亨特...,¥148起,255条点评,4.0/5分,Q+贵阳荷庭悦色中式酒店文昌阁店,贵阳好评第689
http://hotel.qunar.com/city/guiyang/dt-5233/#from=BSEO-N,Q+贵阳名门尚品主题酒店喷水池店位于贵阳市中心繁华地带，地处云岩区延安东路和文昌北路路口的交汇处，毗邻市中心喷水池、贵州师范大学、文昌...,¥160起,509条点评,4.1/5分,Q+贵阳名门尚品主题酒店喷水池店,贵阳好评第554
http://hotel.qunar.com/city/guiyang/dt-6009/#from=BSEO-N,Q+贵阳城市秘密酒店位于贵阳市云岩区富水北路天恒大厦北座19楼，富水北路与延安东路交汇处，与喷水池，中华北路以及大十字商业圈为邻。车行...,¥179起,626条点评,4.5/5分,Q+贵阳城市秘密酒店,贵阳好评第206
http://hotel.qunar.com/city/shenzhen/dt-1327/#from=BSEO-N,酒店有3栋精装客房共30间，配有海鲜餐厅；门口就是沙岗村公交车站台。距离西涌沙滩2号入口150米，沙滩可提供游客烧烤、情人岛快艇以及C...,¥168起,79条点评,4.4/5分,Q+深圳西冲西涌酒店,深圳好评第1117
http://hotel.qunar.com/city/qiandongnan/dt-4751/#from=BSEO-N,苗族特色的吊脚木楼，苗寨最好的观景点之一。店主是刚刚大学毕业的年轻人，服务热情。,¥112起,243条点评,4.3/5分,Q+黔东南第一千零一户客栈,黔东南好评第350
http://hotel.qunar.com/city/chenzhou/dt-3689/#from=BSEO-N,由日本建筑师与资深设计媒体人打造的国际时尚STYLE精品酒店。 酒店所有接触皮肤的用品均按国际酒店标准选择，从牙刷、牙膏到拖鞋、毛巾、...,¥124起,134条点评,4.5/5分,Q+郴州资兴梦想花园精品酒店,郴州好评第88
http://hotel.qunar.com/city/zhoushan/dt-5062/#from=BSEO-N,千岛风情酒店座落于美丽的滨海城市沈家门渔港，是普陀旅游金三角的枢纽之地。酒店依海而建，风光独特，空气清新。酒店距半升洞码头(往普陀山、...,¥177起,372条点评,4.1/5分,Q+舟山沈家门千岛风情酒店,舟山好评第1125
http://hotel.qunar.com/city/yangjiang/dt-3873/#from=BSEO-N,朴实自然，宁静希望，海港岸边，渔舟唱晚，一湾海水，一抹蓝天，共度港边生活！,¥82起,135条点评,4.6/5分,Q+阳江海陵岛港边客栈,阳江好评第69
http://hotel.qunar.com/city/sanya/dt-10921/#from=BSEO-N,三亚这片海度假海景客栈位于美丽的大东海景区边上，步行到海边只需要3分钟左右，休闲度假，游泳冲浪的好去处，房间设计理念源自碧海蓝天，风格...,¥150起,1582条点评,4.6/5分,Q+三亚这片海度假客栈,三亚好评第588
http://hotel.qunar.com/city/zhongshan/dt-12173/#from=BSEO-N,客房整洁，宽敞明亮，环境卫生，性价比较高。,¥113起,34条点评,4.5/5分,Q+中山路易斯商务酒店,中山好评第38
http://hotel.qunar.com/city/huhehaote/dt-3595/#from=BSEO-N,酒店位于内蒙古农业大学、内蒙古师范大学附近，距呼和浩特站15分钟车程，距新华广场十分钟车程，距海亮广场五分钟车程，距大召寺五分钟车程，...,¥86起,211条点评,4.4/5分,Q+呼和浩特御贤湾快捷宾馆,呼和浩特好评第166
http://hotel.qunar.com/city/shenzhen/dt-16244/#from=BSEO-N,他她商务公寓（科技园北店）位于南山区龙珠三路（近欧洲城，沙河东路）。距离南山科技园、世界之窗、欢乐谷、野生动物园、塘朗山公园只需十多分...,¥185起,73条点评,4.5/5分,Q+深圳他她商务公寓科技园北店,深圳好评第833
http://hotel.qunar.com/city/shenzhen/dt-14679/#from=BSEO-N,深圳西冲（西涌）棕榈湾艺术民宿位于中国最美的八大海滩之一的西冲沙滩，距离沙滩步行5分钟，另可预约沙滩电瓶车接送。 西涌位于大鹏半岛最南...,¥200起,104条点评,4.6/5分,Q+深圳棕榈湾艺术民宿,深圳好评第353
http://hotel.qunar.com/city/shenzhen/dt-9126/#from=BSEO-N,客栈由典雅的岭南渔村庭院改建而成，美丽的西涌海滩近在约百米，客栈四周古榕环绕、栈道错落有致、鸟语花香、清新宜人、灵秀古朴、是一家集休闲...,¥230起,348条点评,4.1/5分,Q+深圳西涌鹤薮古村客栈,深圳好评第1837
http://hotel.qunar.com/city/shenzhen/dt-14692/#from=BSEO-N,深圳普蜜思酒店是隶属于芳华林酒店集团投资旗下豪华精品酒店，由国际著名设计师精心设计装修，尽显时尚品味，由香港联邦国际酒店管理公司入驻管...,¥275起,290条点评,4.5/5分,Q+深圳普蜜思主题酒店,深圳好评第833
http://hotel.qunar.com/city/shenzhen/dt-14727/#from=BSEO-N,巢里巢外客栈处于较场尾和大鹏所城中间位置，是去往较场尾、大鹏所城、东山寺的中间位置。交通便利，杨梅坑、东涌、西涌车程半个小时！巢里巢外...,¥288起,236条点评,4.5/5分,Q+深圳较场尾巢里巢外精品酒吧客栈,深圳好评第578
http://hotel.qunar.com/city/shenzhen/dt-14728/#from=BSEO-N,好家主题公寓酒店是由和顺佳酒店管理有限公司管理的高端滨海度假公寓，房间装修以滨海时光为主题，所有房间均为复式度假套房，一楼为休闲区域，...,¥299起,179条点评,4.1/5分,Q+深圳好家主题公寓酒店大梅沙店,深圳好评第1837
http://hotel.qunar.com/city/shenzhen/dt-13700/#from=BSEO-N,客栈位于东山寺正对面欢乐海湾度假区内，设有停车场，儿童玩耍区。 客房：三层民居，共28间客房，可容纳80人。 配备：每间房单独淋浴卫生...,¥590起,129条点评,4.5/5分,Q+深圳美舍客栈5号店,深圳好评第833
http://hotel.qunar.com/city/qiandongnan/dt-5270/#from=BSEO-N,坐落于西江千户苗寨景区内，步行至观景台只需要三分钟，观景位置绝佳，正对千户苗寨全景，推开窗户便可以欣赏到日落，炊烟，满天繁星及令你震撼...,¥158起,96条点评,4.4/5分,Q+黔东南梦回西江旅游度假酒店,黔东南好评第275
http://hotel.qunar.com/city/qiandongnan/dt-5361/#from=BSEO-N,雷山柏豪全景酒店座落于西江千户苗寨景区观景台右侧15米。房屋装修为景区独特全景落地玻璃，在房间就可以一览苗寨全景，交通便利、客房干净、...,¥158起,72条点评,4.5/5分,Q+雷山柏豪全景酒店,黔东南好评第139
http://hotel.qunar.com/city/qiandongnan/dt-4928/#from=BSEO-N,酒店位于观景道上半山腰就在马路边     交通非常方便     离观景台6分钟路程    观景位置极佳     客房干净卫生     ...,¥198起,69条点评,4.4/5分,Q+西江飞翔时光雅舍,黔东南好评第275
http://hotel.qunar.com/city/qiandongnan/dt-5487/#from=BSEO-N,酒店客房整洁，宽敞明亮，环境卫生，性价比较高。独特的装修风格，显示出苗家风格。,¥257起,80条点评,4.5/5分,Q+雷山苗寨风情假日酒店,黔东南好评第204
http://hotel.qunar.com/city/qiandongnan/dt-5425/#from=BSEO-N,水墨西江客栈老板致力于打造干净、舒适、温馨、惬意、性价比的客栈环境，客栈位于观景平台方向的马路边上，去观景平台、梯田、表演场仅需五分钟...,¥268起,144条点评,4.9/5分,Q+雷山千户苗寨水墨西江客栈,黔东南好评第13
http://hotel.qunar.com/city/qiandongnan/dt-5432/#from=BSEO-N,西江千户苗寨望月客栈环境令人心旷神怡，安静，舒适，欢迎您的入住，会给您带来一种家的感觉，感谢您的入住，在此祝您合家欢乐，身体健康，万事...,,32条点评,4.0/5分,Q+雷山望月客栈,黔东南好评第564
http://hotel.qunar.com/city/chenzhou/dt-2803/#from=BSEO-N,内有大型停车场、自助洗衣、带烘干功能！百兆极速wifi和网络电视回看！酒吧：酒吧走路2分钟。超市：家润多超市；步步高超市。景点：郴州最...,¥128起,225条点评,4.4/5分,Q+郴州捷美时尚酒店文化路店,郴州好评第135
http://hotel.qunar.com/city/chenzhou/dt-3979/#from=BSEO-N,所谓伊人，在水一方。在水一方主题客栈坐落在美若仙境的东江湖，在这里，烦了，远离城市的喧嚣，到东江湖畔发呆，让清新的空气洗去你心中的尘佛...,¥174起,78条点评,4.9/5分,Q+资兴东江湖在水一方主题客栈,郴州好评第22
http://hotel.qunar.com/city/chenzhou/dt-3984/#from=BSEO-N,适合人群：喜欢闹中求静的人，出门投入东江小镇的丰富多样当中，进门即得安住。 房间：24间，四种房型。双人标间、大床房、亲子房（房中房，...,¥216起,77条点评,4.9/5分,Q+资兴东江湖栖舍民宿客栈,郴州好评第22
http://hotel.qunar.com/city/chenzhou/dt-3697/#from=BSEO-N,“那一年精品主题客栈”，湖南省十大客栈之一，省内首家Loft风+北欧极简混搭型客栈，由香港和深圳知名设计团队在80年代旧厂房的基础上因...,¥220起,194条点评,4.6/5分,Q+资兴东江湖那一年精品主题客栈,郴州好评第58
http://hotel.qunar.com/city/chenzhou/dt-3918/#from=BSEO-N,给精神一个栖息的安身之处，便是人生最妙曼的风景；东江湖安缦轻奢客栈给心灵开启一次美妙之旅，灵动的奇石，水榭楼台，落日余晖，波光丽影；中...,¥340起,150条点评,4.6/5分,Q+资兴安缦轻奢客栈,郴州好评第58
http://hotel.qunar.com/city/zhoushan/dt-3257/#from=BSEO-N,舟山中汇宾馆是一家集客房、休闲、娱乐、商务为一体的现代化舟山旅游宾馆，内部装饰娴静雅致。宾馆设施先进，环境幽雅，温暖惬意。宾馆座落于著...,¥185起,165条点评,4.1/5分,Q+舟山中汇宾馆,舟山好评第1125
http://hotel.qunar.com/city/zhoushan/dt-6076/#from=BSEO-N,金升苑酒店位于舟山市普陀区东港海莲路469号，地处东港区最繁华地段，有欧尚超市、凯虹广场、肯德基、星巴克、必胜客等知名餐饮购物娱乐等场...,¥218起,202条点评,4.5/5分,Q+舟山东港金升苑酒店,舟山好评第670
http://hotel.qunar.com/city/zhoushan/dt-6605/#from=BSEO-N,酒店地处普陀商业繁华中心地段的东港商业区，酒店坐落于朱家尖大桥西侧的海洲路350号，距普陀山慈航广场仅一桥之隔，距浙江省名胜5A景区朱...,¥244起,420条点评,4.8/5分,Q+舟山贝斯特海景酒店,舟山好评第323
http://hotel.qunar.com/city/zhoushan/dt-5540/#from=BSEO-N,位于AAAA旅景区朱家尖，坐落于着名的东沙、南沙双湾之间，所有的客房均为无敌海景房，拥有全景大阳台，贝斯特精品酒店璞缇海店全新之作，公...,¥279起,526条点评,4.8/5分,Q+舟山贝斯特海景精品酒店璞缇海店,舟山好评第323
http://hotel.qunar.com/city/zhoushan/dt-2364/#from=BSEO-N,舟山三源精品酒店座落在“祖国渔都”沈家门渔港大海之滨，座落于有“中华美食街”美誉的沈家门滨港路海鲜夜排档黄金地段。距沈家门半升洞码头1...,¥368起,152条点评,4.4/5分,Q+舟山三源精品酒店,舟山好评第924
http://hotel.qunar.com/city/yangjiang/dt-2516/#from=BSEO-N,阳江海陵岛蓝涛别墅（大角湾景区店）位于国家AAAAA级大角湾旅游景区。步行大角湾景区只需3分钟路程。去海鲜市场只1公里路程左右，周边临...,¥85起,141条点评,4.1/5分,Q+阳江海陵岛蓝涛别墅大角湾景区店,阳江好评第338
http://hotel.qunar.com/city/yangjiang/dt-2968/#from=BSEO-N,度假公寓坐落于中国十大宝岛之一海陵岛，位于海陵岛保利十里银滩p区，毗邻世界闻名的“南海一号”中国海上丝绸之路博物馆，大角湾国家5A级风...,¥94起,223条点评,4.6/5分,Q+阳江碧海家度假公寓海陵岛保利银滩店,阳江好评第69
http://hotel.qunar.com/city/yangjiang/dt-4140/#from=BSEO-N,酒店落于广东省阳江市海陵岛十里银滩，毗邻4A级景区“十里银滩”、南海一号博物馆，公寓每间客房都可将银滩海岸风光尽收眼里。客房干净、卫生...,¥94起,171条点评,4.5/5分,Q+阳江海陵岛蓝玥海上精品度假公寓十里银滩店,阳江好评第119
http://hotel.qunar.com/city/yangjiang/dt-3737/#from=BSEO-N,海陵岛保利品逸度假别墅群，位于保利海陵岛度假村保利大道旁别墅BCEQ区！别墅交通方便，室内家具较新，风格新颖，通风条件好，私家停车位，...,¥127起,127条点评,4.6/5分,Q+阳江海陵岛品逸度假别墅,阳江好评第69
http://hotel.qunar.com/city/yangjiang/dt-4320/#from=BSEO-N,阳江闸坡海陵岛保利银滩艾菲尔度假公寓，位于海陵岛保利度假村百合域，地处国家5A级景区“十里银滩”。临海听涛，举步侵害。酒店每个房间可将...,¥138起,168条点评,4.3/5分,Q+阳江闸坡海陵岛保利银滩艾菲尔度假公寓,阳江好评第273
http://hotel.qunar.com/city/yangjiang/dt-2474/#from=BSEO-N,本客栈座落于中国最美十大海岛之一的海陵岛，紧靠大角湾沙滩步行1分钟，离南海一号、十里银滩、马尾岛等主要的旅游景点路程在约15分钟内。房...,¥143起,18条点评,4.4/5分,Q+阳江海陵岛闸坡时光客栈,阳江好评第220
http://hotel.qunar.com/city/yangjiang/dt-3262/#from=BSEO-N,客栈座落于中国最美海岛、国家5A级旅游景区---阳江海陵岛，这里海景迷离，海风柔媚，四面环海，以水碧、沙净和游海水、住海边、食海鲜、买...,¥160起,121条点评,4.6/5分,Q+阳江海陵岛夏天客栈,阳江好评第69
http://hotel.qunar.com/city/yangjiang/dt-3510/#from=BSEO-N,阳江闸坡保利蓝涛临海别墅位于保利银滩保利地产B区明月郡别墅区。高档住宅区出入24小时安保登记、安全可靠。步行300米左右到达十里银滩南...,¥843起,145条点评,4.8/5分,Q+阳江海陵岛保利蓝涛临海别墅,阳江好评第44
http://hotel.qunar.com/city/shannan/dt-2179/#from=BSEO-N,性价比高，住宿环境、通风采光较好。,¥200起,52条点评,4.5/5分,Q+贡嘎云天商务酒店,山南好评第5
http://hotel.qunar.com/city/cangzhou/dt-2121/#from=BSEO-N,艾8时尚酒店坐落在市中心新华区地税局西北侧，邻近南湖公园和沧州文庙，去往沧州汽车客运总站和火车站步行10-15分钟；周边生活购物场所完...,¥58起,256条点评,4.1/5分,Q+沧州艾8时尚酒店,沧州好评第230
http://hotel.qunar.com/city/xinzhou/dt-3844/#from=BSEO-N,城市的喧嚣，加深了灵魂的不安，客栈环境清雅，充满禅韵，给自己的心灵放个假。客栈以禅文化为主题的综合客栈，客栈集住宿、特色餐饮、佛堂、茶...,¥288起,119条点评,4.9/5分,Q+忻州五台山曼殊苑客栈,忻州好评第7
http://hotel.qunar.com/city/ezhou/dt-2165/#from=BSEO-N,鄂州红太阳国宾宾馆位于古城北路76-3南浦虹桥旁边美丽的洋澜湖（万联商场附近），购物方便地理位置优越。鄂州高中，鄂州大学，酒店装修风格...,¥86起,156条点评,4.5/5分,Q+鄂州红太阳国宾宾馆,鄂州好评第9
http://hotel.qunar.com/city/wuzhou/dt-2656/#from=BSEO-N,客房整洁，宽敞明亮，环境卫生，配套设施齐全，服务周到，方便入住。,¥90起,14条点评,4.5/5分,Q+梧州岑溪市喜来登宾馆,梧州好评第20
http://hotel.qunar.com/city/shaoxing/dt-5058/#from=BSEO-N,白头情趣主题酒店（原绍兴都市迷你连锁酒店城市广场店）位于绍兴市中心区越城，步行至鲁迅故居，秋瑾故居仅约10分钟，步行至沈园、周恩来祖居...,¥128起,264条点评,4.4/5分,Q+绍兴白头情趣主题酒店鲁迅故里店,绍兴好评第154
http://hotel.qunar.com/city/haerbin/dt-5572/#from=BSEO-N,哈尔滨宜园春快捷宾馆是位于辽阳街的一家快捷式宾馆，临近医大一院，以优质的服务以及舒适的环境回馈消费者。距哈尔滨火车站乘车约十分钟。临近...,¥91起,289条点评,4.3/5分,Q+哈尔滨宜园春快捷宾馆,哈尔滨好评第865
http://hotel.qunar.com/city/guigang/dt-2522/#from=BSEO-N,因高铁站前广场施工需要，从地洞口步行至高铁站的通道暂时封闭至2017年12月15日，为了提供更好的服务，但凡从高铁站滴滴打车到店的宾客...,¥77起,127条点评,4.1/5分,Q+贵港上上精品酒店,贵港好评第73
http://hotel.qunar.com/city/dongying/dt-3556/#from=BSEO-N,客房整洁，宽敞明亮，环境卫生，性价比较高。,¥98起,23条点评,4.1/5分,Q+东营广饶爱丁堡主题酒店,东营好评第171
http://hotel.qunar.com/city/foshan/dt-11655/#from=BSEO-N,Q+濠璟酒店，属于去哪儿力荐合作酒店，位于容桂乐善路32号。地处容桂繁华商业街区，周边银行、餐饮美食、购物娱乐一应俱全；地理位置优越，...,¥59起,94条点评,4.5/5分,Q+佛山濠璟酒店,佛山好评第166
http://hotel.qunar.com/city/yanbian/dt-4504/#from=BSEO-N,延吉珂莱欧宾馆是一家“诚实、守信、干净、舒适、温馨”为宗旨的住宿类酒店。其先进设施设备，优质的“软件”服务，干净的住宿条件而赢得宾客们...,¥103起,77条点评,4.8/5分,Q+延吉珂莱欧宾馆,延边好评第66
http://hotel.qunar.com/city/yancheng/dt-5076/#from=BSEO-N,有停车位。客房干净、卫生，具有基础性设施，住宿环境舒适。客房干净、卫生，具有基础性设施，住宿环境舒适。,¥67起,43条点评,4.3/5分,Q+盐城乾元宾馆黄海东路店,盐城好评第222
http://hotel.qunar.com/city/zhuzhou/dt-3533/#from=BSEO-N,该店客房整洁，宽敞明亮，环境卫生，配套设施齐全，服务周到，方便入住。,¥149起,34条点评,3.9/5分,Q+株洲盛景百福精品酒店,株洲好评第296
http://hotel.qunar.com/city/jiuquan/dt-3788/#from=BSEO-N,性价比高，住宿环境、通风采光较好。安全，安心舒适，旅游度假理想之选！,¥452起,13条点评,5.0/5分,Q+敦煌禾园酒店,酒泉好评第1
http://hotel.qunar.com/city/liuzhou/dt-2730/#from=BSEO-N,柳州佳友时尚酒店座落于黄金地段柳南区火车站正对面，天天见购物中心红星美凯龙旁边，酒店环境舒适、设备齐全，交通便利，空气清新，是一家按星...,¥118起,650条点评,4.3/5分,Q+柳州佳友时尚酒店,柳州好评第114
http://hotel.qunar.com/city/huludao/dt-5312/#from=BSEO-N,青鸟公寓是一家轻松、好玩、环保的精品酒店，客房宽敞（28平-48平），大落地窗，人体分区平衡舒适床垫，装修选用环保自然材料，装修风格简...,¥126起,88条点评,4.6/5分,Q+兴城青鸟公寓,葫芦岛好评第201
http://hotel.qunar.com/city/dazhou/dt-2734/#from=BSEO-N,宾馆地理位置优越，交通便利，客房设施齐全，布置干净舒适。,¥106起,29条点评,4.8/5分,Q+达州宣汉茗苑宾馆,达州好评第4
http://hotel.qunar.com/city/nanping/dt-4298/#from=BSEO-N,武夷山品味驿站家庭旅馆位于兴田镇南源岭双门安置区，毗邻武夷山国家旅游度假区（距离约3公里）。因南源岭地理条件优越，被喻为“武夷山南大门...,¥118起,65条点评,5.0/5分,Q+武夷山品味驿站家庭旅馆,南平好评第1
http://hotel.qunar.com/city/weihai/dt-6373/#from=BSEO-N,酒店地处威海市黄金地段，建筑面积约5000平方米，北邻文化路，南邻名胜“环翠楼”公园，让您在交通、生活便利的闹市中享宁静。酒店精心打造...,¥79起,67条点评,4.5/5分,Q+威海美尔雅酒店,威海好评第150
http://hotel.qunar.com/city/shangrao/dt-6234/#from=BSEO-N,老渔国际青年酒店是一家集精品客栈的房间、国际青年旅舍的公共空间为一体的新式青年旅舍。青旅位于县城中心，距离火车站3km、距景观桥步行十...,¥33起,175条点评,4.8/5分,Q+婺源老渔国际青年酒店,上饶好评第97
http://hotel.qunar.com/city/xinxiang/dt-2444/#from=BSEO-N,新乡黄河商务酒店地理位置优越，交通便利，距离新乡汽车东站500米，新乡万仙山、八里沟2小时路程。酒店设施齐全，房间舒适，服务周到，酒店...,¥102起,361条点评,4.4/5分,Q+新乡黄河商务酒店,新乡好评第122
http://hotel.qunar.com/city/longyan/dt-5833/#from=BSEO-N,永定阿玲精品客栈位于永定土楼5A级景区土楼民俗文化村出入口大门对面，毗邻景区游客服务中心。酒店周围有大型停车场、风情街，地理位置极佳，...,¥109起,37条点评,4.5/5分,Q+永定阿玲精品客栈,龙岩好评第48
http://hotel.qunar.com/city/chengde/dt-5681/#from=BSEO-N,长颈鹿国际青年旅舍位于承德市双桥区碧峰门民俗文化街内，提供旅游咨询、行李寄存、贵重物品保存等服务，提供24小时热水、自助洗衣等设施。路...,¥33起,218条点评,4.9/5分,Q+承德长颈鹿青年旅舍,承德好评第40
http://hotel.qunar.com/city/taian/dt-2422/#from=BSEO-N,酒店开业时间2011年03月06日，主楼高3层，客房总数60间（套）。【座落于泰山脚下，紧靠泰山登山入口，位置优越】泰安世佳商务酒店座...,¥51起,66条点评,4.1/5分,Q+泰安世佳商务酒店,泰安好评第338
http://hotel.qunar.com/city/jining/dt-5614/#from=BSEO-N,曲阜圣源酒店座落于人杰地灵的中国伟大思想家、教育家、儒学学派创始人孔子故里——曲阜市。宾馆地处市主干道静轩东路29号，南邻曲阜游客中心...,¥150起,101条点评,4.5/5分,Q+曲阜圣源酒店游客中心三孔店,济宁好评第94
http://hotel.qunar.com/city/xiamen/dt-11932/#from=BSEO-N,鼓浪屿圆沙洲主题酒店位于康泰路111之103（鼓浪屿内厝澳码头边），来享受一次优雅的旅行吧。厌倦了都市的繁华与喧嚣，厌倦了生活象磨盘一...,¥198起,1653条点评,4.9/5分,Q+悦享鼓浪屿圆沙洲主题酒店,厦门好评第149
http://hotel.qunar.com/city/luoyang/dt-3640/#from=BSEO-N,洛阳居美时尚酒店靠近AAAA级景区关林庙及关林市场，地理位置优越，交通便利。环境优美，设有各式房间，干净卫生，通风透光，优质的服务，简...,¥85起,199条点评,4.5/5分,Q+洛阳居美时尚酒店,洛阳好评第162
http://hotel.qunar.com/city/hefei/dt-8395/#from=BSEO-N,合肥锦程商务宾馆，位于铜陵路与临泉路交叉口（安徽大市场斜对面），毗邻火车站、汽车客运总站、新亚汽车站、旅游汽车站，来往步行只需10分钟...,¥80起,169条点评,4.0/5分,Q+合肥锦程商务宾馆,合肥好评第1080
http://hotel.qunar.com/city/ningbo/dt-10022/#from=BSEO-N,宁波微客+公寓文化广场店位于宁波市市政府旁、硅谷公馆（实怡中心）3号楼，对面即是宁波文化广场，离银泰城、宏泰广场、五一广场、国际金融中...,¥298起,15条点评,4.3/5分,Q+宁波微客+公寓文化广场店,宁波好评第484
http://hotel.qunar.com/city/haixi/dt-2377/#from=BSEO-N,配套设施齐全，住宿条件较好。周边景色别致，交通环境良好。,¥89起,19条点评,4.0/5分,Q+海西格尔木宏盾宾馆,海西好评第150
http://hotel.qunar.com/city/xiamen/dt-12057/#from=BSEO-N,庄园位于美丽的厦门环岛南路曾厝垵正大门，距海直线100米；每间房都有自己独特的风格；周边交通便利边上就是曾厝垵唯一的停车场，到各个景点...,¥228起,296条点评,4.8/5分,Q+厦门悦享双城记度假庄园,厦门好评第454
http://hotel.qunar.com/city/luoyang/dt-5480/#from=BSEO-N,洛阳雅客酒店位于广利街与香山路交叉口，与洛阳龙门高铁站毗邻，交通十分便利。酒店提供24小时热水淋浴、空调、电视、电话和免费宽带上网，让...,¥111起,289条点评,4.4/5分,Q+洛阳雅客酒店,洛阳好评第352
http://hotel.qunar.com/city/hefei/dt-9289/#from=BSEO-N,合肥泊松酒店位于滨湖万达文旅城内的万达银座A栋，万达乐园步行仅五分钟，巢湖岸边岸上草原步行仅10分钟，楼下即是地铁口及万达茂，地理位置...,¥119起,19条点评,4.9/5分,Q+合肥泊松酒店,合肥好评第28
http://hotel.qunar.com/city/ningbo/dt-9664/#from=BSEO-N,宁波汉宾酒店位于海曙新中心-海曙区启运路528弄，即机场路与启运路交界处以西约三百米，酒店占据了城西交通最便捷的位置，紧邻机场高架，距...,¥309起,171条点评,4.8/5分,Q+宁波汉宾酒店,宁波好评第35
http://hotel.qunar.com/city/haixi/dt-2222/#from=BSEO-N,地处江源中路与柴达木中路交汇口，与格尔木市委党校隔街相望，位置优越。,¥102起,52条点评,4.1/5分,Q+格尔木华丰宾馆,海西好评第124
http://hotel.qunar.com/city/xining/dt-6061/#from=BSEO-N,汉达商务宾馆位于西宁市火车站虫草市场商圈内，与西宁火车站隔街相望，步行5分钟即可抵达。距离西宁市客运中心10分钟路程（有机场大巴车站点...,¥96起,246条点评,4.4/5分,Q+西宁汉达商务宾馆,西宁好评第365
http://hotel.qunar.com/city/qingyuan/dt-9503/#from=BSEO-N,客房整洁，宽敞明亮，环境卫生，性价比较高。,¥170起,39条点评,4.3/5分,Q+连州星之辰酒店,清远好评第130
http://hotel.qunar.com/city/hengyang/dt-3980/#from=BSEO-N,全市唯一一家，新潮敞开式中式风格房，唯一一家世界四大品牌的麦克维尔中央空调，唯一一家全天候两道新排风系统，唯一一家背景墙由不同风格大师...,¥151起,135条点评,4.6/5分,Q+衡阳云港酒店,衡阳好评第35
http://hotel.qunar.com/city/puer/dt-2269/#from=BSEO-N,酒店位于云南省普洱市景谷县威远江河畔，被威远江环绕，地里位置优越、环境优美。酒店始建于2006 年，工期2年，于2008年10月开始营...,¥85起,74条点评,4.5/5分,Q+景谷晓红商务酒店,普洱好评第36
http://hotel.qunar.com/city/shaoguan/dt-3682/#from=BSEO-N,性价比高，住宿环境、通风采光较好。,¥100起,40条点评,4.9/5分,Q+韶关丹霞山宏石别苑,韶关好评第16
http://hotel.qunar.com/city/jiujiang/dt-4954/#from=BSEO-N,酒店位于九江学院北门，近九江市中医院，距火车站、汽车站站行车约5分钟。独特的东南亚装修风格，温馨舒适。拥有免费大型停车场，wifi全面...,¥120起,133条点评,3.9/5分,Q+九江八千蓬莱时尚主题酒店,九江好评第513
http://hotel.qunar.com/city/jinan/dt-6369/#from=BSEO-N,莱茵假日精品酒店座落在繁华的王舍人商业圈内，地处济南市东部商业圈的核心位置。空气清新，环境优美、生活便捷。与华联购物中心仅不足500米...,¥94起,225条点评,4.3/5分,Q+济南莱茵假日精品酒店,济南好评第655
http://hotel.qunar.com/city/chizhou/dt-3839/#from=BSEO-N,九华山佛佑山庄位于池州市九华山风景区核心景区内，毗邻祈园寺、肉身宝殿、百岁宫索道等九华山核心景点，交通便利。设施齐全环境幽静淡雅舒适整...,¥160起,315条点评,4.9/5分,Q+九华山佛佑山庄,池州好评第35
http://hotel.qunar.com/city/xining/dt-6652/#from=BSEO-N,西宁霍廷酒店位于万达广场商圈，周边配套设施齐全，交通便利。欢迎入住体验。,¥169起,38条点评,4.6/5分,Q+西宁霍廷酒店万达广场店,西宁好评第127
http://hotel.qunar.com/city/qingyuan/dt-9550/#from=BSEO-N,酒店位于广州北一小时路程的清远市佛冈县碧桂园清泉城，美丽的别墅群和洋房隐隐约约于森林风景区内，小区内配套温泉、泳池、登山径、超市、穿梭...,¥278起,47条点评,4.5/5分,Q+佛冈清泉度假酒店,清远好评第47
http://hotel.qunar.com/city/hengyang/dt-3800/#from=BSEO-N,衡阳铂雅轻奢酒店坐落于衡阳市立新大道57号英伦首府。雅致的装潢，舒心如家的布草，提供绅士礼遇，体验衡阳英式生活味道，体会英伦三岛的绅士...,¥248起,162条点评,4.5/5分,Q+衡阳铂雅轻奢酒店,衡阳好评第82
http://hotel.qunar.com/city/puer/dt-2569/#from=BSEO-N,2016年7月开业，客栈位于思茅区旅游景区茶马古镇b区，是思茅区为数不多的全木质结构客栈。客栈北临普洱市新政府开发区，有音乐厅、市民广...,¥94起,33条点评,4.4/5分,Q+普洱茶城驿站,普洱好评第52
http://hotel.qunar.com/city/shaoguan/dt-3688/#from=BSEO-N,韶关丹霞山海纳百川客栈是家庭式经济客栈，交通便利又没有道路旁的喧嚣。海纳百川客栈外观古典高雅，内部注重细节设计，秉承“以山会友，以诚待...,¥888起,22条点评,4.8/5分,Q+韶关丹霞山海纳百川客栈,韶关好评第40
http://hotel.qunar.com/city/jiujiang/dt-4883/#from=BSEO-N,酒店位于车管所旁，距小口池站行车约13分钟。独特的东南亚装修风格，温馨舒适。拥有免费大型停车场，wifi全面覆盖！典雅的装修、安静舒适...,¥128起,123条点评,4.1/5分,Q+九江八千曼谷时尚主题酒店,九江好评第335
http://hotel.qunar.com/city/jiujiang/dt-4525/#from=BSEO-N,誓爱情侣酒店是一家集浪漫、温馨、情调、智能于一身的爱情主题酒店，酒店拥有24间风格各异的主题房间，房间都配备有冲浪按摩浴缸、42寸智能...,¥217起,90条点评,4.1/5分,Q+九江誓爱情侣酒店,九江好评第335
http://hotel.qunar.com/city/jinan/dt-8922/#from=BSEO-N,Q+济南爱之缘高智能影院主题酒店洪楼广场店携爱之缘最新一代的智能影院主题客房再亮相泉城。爱之缘这一巨著是在爱之缘原来各具特色的主题基础...,¥125起,61条点评,4.4/5分,Q+济南爱之缘高智能影院主题酒店洪楼广场店,济南好评第477
http://hotel.qunar.com/city/jinan/dt-4511/#from=BSEO-N,尚客佳精品酒店是济南市长清区唯一一家住宿、餐饮、休闲足疗于一体的精品酒店，酒店以环境温馨舒适，服务至上为品质，为广大朋友提供独有自己特...,¥143起,126条点评,4.0/5分,Q+济南尚客佳精品酒店,济南好评第1058
http://hotel.qunar.com/city/chizhou/dt-4146/#from=BSEO-N,Q+池州九华山风景区礼月楼酒店是一家高档民宿客栈酒店，由九华山大师演一所起名，坐落于九华山下门票销售处东900米，99米露天地藏菩萨圣...,¥177起,130条点评,4.9/5分,Q+池州九华山风景区礼月楼酒店,池州好评第35
http://hotel.qunar.com/city/chizhou/dt-3874/#from=BSEO-N,Q+九华山太白楼山莊设施齐全，别俱一格。山庄拥有多种类型的客房，餐饮包厢及多功能厅。大厅的两侧是供客人休息的区域，坐在宽敞舒适的沙发上...,¥354起,114条点评,4.6/5分,Q+九华山太白楼山莊,池州好评第111
http://hotel.qunar.com/city/kunming/dt-7559/#from=BSEO-N,昆明壁逸大酒店长水机场店位于昆明市官渡区昆明长水国际机场，地处昆明长水空港经济区中心位置，毗邻锦江之星长水机场店，酒店提供长水机场免费...,¥141起,22条点评,4.5/5分,Q+昆明壁逸大酒店长水机场店,昆明好评第394
http://hotel.qunar.com/city/jinzhong/dt-5818/#from=BSEO-N,平遥惜缘精品客栈位于世界文化遗产——平遥古城内政府街48号，地处古城中心位置，地段繁华、交通便利，毗邻平遥县衙、城隍面、文庙，步行至日...,¥84起,230条点评,4.9/5分,Q+平遥聚贤楼·惜缘精品客栈,晋中好评第55
http://hotel.qunar.com/city/xuzhou/dt-4017/#from=BSEO-N,徐州绿湾假日酒店位于徐州市淮海东路145号，与黄河风景区相伴，周边商业氛围浓厚。有购物中心（金鹰、金地、女人街等），餐饮一条街（户部山...,¥88起,771条点评,4.4/5分,Q+徐州绿湾假日酒店火车站店,徐州好评第206
http://hotel.qunar.com/city/lanzhou/dt-7118/#from=BSEO-N,西客驿站酒店坐落于兰州市七里河区西津西路239号，兰州西客站西侧，是按星级标准打造的精品酒店，拥有设计独特，24小时热水、WIFI、停...,¥118起,71条点评,4.1/5分,Q+兰州西客驿站,兰州好评第362
http://hotel.qunar.com/city/zhuhai/dt-4950/#from=BSEO-N,【珠海横琴海马酒店公寓】长隆店，是珠海中融摩根资产管理有限公司旗下酒店之一，位于风景秀丽的横琴镇深井村，地理位置德天独厚，风景优美，依...,¥155起,533条点评,4.4/5分,Q+珠海海马酒店公寓横琴长隆店,珠海好评第331
http://hotel.qunar.com/city/wuhan/dt-17560/#from=BSEO-N,武汉中金泰富酒店位于汉口火车站西侧大楼六楼，金家墩客运站对面，离武汉博物馆近在咫尺，离天河机场15分钟车程，地铁2号线汉口火车站E口出...,¥178起,116条点评,4.5/5分,Q+武汉中金泰富酒店,武汉好评第432
http://hotel.qunar.com/city/xiangxi/dt-3917/#from=BSEO-N,玉林客栈位于古城中心，离杨家祠堂30米，崇德堂（凤凰首富的故居）30米，步行5分钟可至虹桥，东门城楼、北门跳岩、熊希龄故居、沈从文故居...,¥168起,110条点评,4.8/5分,Q+凤凰玉林客栈,湘西好评第101
http://hotel.qunar.com/city/anshun/dt-2986/#from=BSEO-N,黄果树景胜酒店位于黄果树大瀑布景区附近，距离黄果树湿地公园300米，晚上湿地公园还有音乐喷泉，从下收费站后右转1.5公里处左手边，正对...,¥73起,311条点评,4.5/5分,Q+黄果树景胜酒店,安顺好评第59
http://hotel.qunar.com/city/kunming/dt-7864/#from=BSEO-N,昆明雄得大酒店临近昆明长水国际机场，酒店24小时接送机服务。酒店周边交通方便，距离市中心，金马碧鸡坊，小西门，南屏步行街，昆明圆通山动...,¥151起,432条点评,4.5/5分,Q+昆明雄得大酒店,昆明好评第394
http://hotel.qunar.com/city/kunming/dt-3824/#from=BSEO-N,酒店是周边一家有外宾接待资格的全国连锁酒店。酒店拥有舒适清新的客房，高清液晶电视，独立空调、24小时热水、淋浴间。酒店配有餐厅、超大会...,¥157起,853条点评,4.5/5分,Q+昆明锦轩之星酒店北部客运站店,昆明好评第394
http://hotel.qunar.com/city/jinzhong/dt-5187/#from=BSEO-N,性价比高，住宿环境、通风采光较好。,¥85起,4条点评,,Q+晋中山与海文化客栈,晋中好评第896
http://hotel.qunar.com/city/jinzhong/dt-6049/#from=BSEO-N,独具魅力的翰锐呈会馆是一家集客房、餐饮、会议为一体的准星级客栈，坐落于平遥古城内旅游景区的中心区---东大街10号，距古城明清街、日升...,¥325起,132条点评,4.9/5分,Q+平遥呈锐翰会馆,晋中好评第55
http://hotel.qunar.com/city/xuzhou/dt-6240/#from=BSEO-N,酒店位于徐海路（G206）和长安大道（G104）交叉路口月星环球港广场北行50米路东的位置，紧邻世界500强之一的特大零售批发超市集团...,¥96起,338条点评,4.4/5分,Q+徐州星月快捷酒店月星环球港高铁站店,徐州好评第206
http://hotel.qunar.com/city/xuzhou/dt-6586/#from=BSEO-N,徐州佳天商务酒店坐落于徐州经济开发区风光旎丽的金龙湖景区，独特的地理位置使其拥有不仅是繁华的城市美景，更是静谧的湖光山色。 佳天酒店紧...,¥110起,134条点评,4.8/5分,Q+徐州佳天商务酒店高铁淮海环球港奥特莱斯店,徐州好评第29
http://hotel.qunar.com/city/lanzhou/dt-4827/#from=BSEO-N,地理位置优越，交通便利，客房温馨舒适，配套设施齐全。,¥142起,60条点评,4.1/5分,Q+兰州美居宾馆,兰州好评第362
http://hotel.qunar.com/city/lanzhou/dt-7105/#from=BSEO-N,兰州瑞云大酒店位于兰州市正宁路117号，（兰州古玩城内、丽枫酒店正宁路店旁）致力为客人打造一个贴心舒适、亲近自然的商旅住宿空间。酒店环...,¥193起,203条点评,4.4/5分,Q+兰州瑞云大酒店正宁路店,兰州好评第199
http://hotel.qunar.com/city/zhuhai/dt-5559/#from=BSEO-N,我们是一群有理想的年轻人，在静谧的村落盘下几处房子，在山水田园间造就了第二个梦空间“深湾车酷Cool“，占地3000平方米，位于珠海横...,¥227起,151条点评,4.4/5分,Q+珠海深湾车酷COOL精品客栈长隆海洋王国店,珠海好评第331
http://hotel.qunar.com/city/zhuhai/dt-6092/#from=BSEO-N,用一间温暖的客栈向你表白：远方有生活，还有如雁巢般舒适的“家”，对于美好的无限憧憬，让人们总是向往“别处”的生活，有时却因为种种原因迈...,¥321起,70条点评,4.8/5分,Q+横琴Yan巢精品民宿珠海长隆海洋王国店,珠海好评第63
http://hotel.qunar.com/city/wuhan/dt-16303/#from=BSEO-N,公寓位于武汉南湖时尚城，共计4层，拥有情侣主题及高级客房等77间，风格简约时尚，设施设备齐全。所有房间均设有中央空调，24小时热水，国...,¥189起,76条点评,4.8/5分,Q+武汉T+酒店公寓,武汉好评第136
http://hotel.qunar.com/city/wuhan/dt-16147/#from=BSEO-N,早安酒店是一家以民宿为特色，以城市设计师酒店为中心的中高端艺术连锁酒店。“早安”是每天的第一声祝福，伴随着清晨的阳光，温暖你我。 “早...,¥375起,18条点评,4.6/5分,Q+武汉早安旅居酒店,武汉好评第270
http://hotel.qunar.com/city/xiangxi/dt-6504/#from=BSEO-N,等一场烟雨，渡一世情缘.,¥227起,100条点评,4.5/5分,Q+凤凰舟渡主题酒店,湘西好评第391
http://hotel.qunar.com/city/xiangxi/dt-6236/#from=BSEO-N,凤凰万象迎晖阁精品客栈由湖南人健企业集团倾情打造，酒店从设计，建造，内装，都是由集团亲手操刀，凤凰万象迎晖阁精品客栈只是凤凰·万象·边...,¥680起,59条点评,4.8/5分,Q+凤凰万象迎晖阁精品客栈,湘西好评第101
http://hotel.qunar.com/city/anshun/dt-2916/#from=BSEO-N,黄果树沐风楼酒店位于世界闻名的黄果树大瀑布景区旁，距离高速出口400米，距离售票大厅也是400米，地处十字交叉路口，交通便利。,¥85起,50条点评,4.4/5分,Q+安顺黄果树沐风楼酒店,安顺好评第86
http://hotel.qunar.com/city/anshun/dt-2949/#from=BSEO-N,黄果树万顺酒店是一家档次较高的酒店，性价比非常高，酒店位于著名的黄果树大瀑布风景区的洒把村，风景优美，空气清新，从酒店可以观看大瀑布的...,¥97起,196条点评,4.6/5分,Q+安顺黄果树万顺酒店,安顺好评第21
http://hotel.qunar.com/city/anshun/dt-2834/#from=BSEO-N,黄果树荷田酒店位于世界闻名的黄果树大瀑布景区，从下收费站后直行300米，在第一个十字路口左边。距离景区售票大厅、餐饮一条街和汽车站仅有...,¥119起,592条点评,4.8/5分,Q+黄果树荷田酒店,安顺好评第13
http://hotel.qunar.com/city/leshan/dt-3156/#from=BSEO-N,酒店地理位置优越，位于乐山市市中区最繁华地段，与世界闻名的乐山大佛隔江相望，与三江女神为邻。出行交通便利。房间通风采光极佳。雅致、温馨...,¥84起,347条点评,4.0/5分,Q+悦享乐山南方大酒店老公园店,乐山好评第463
http://hotel.qunar.com/city/xian/dt-17987/#from=BSEO-N,三木凯撒青年旅舍是西安一家具规模欧式地中海风格的青旅。坐落于西安城中心位置，著名的回民小吃街入口处坐拥钟鼓楼，交通非常便捷。是青旅是书...,¥1起,1784条点评,4.5/5分,Q+西安三木凯撒青年旅舍钟楼回民街店,西安好评第1122
http://hotel.qunar.com/city/shanghai_city/dt-24372/#from=BSEO-N,上海礼季精品酒店位于浦东新区机场镇，距离浦东机场直线距离5公里，可便捷到达地铁2号线凌空路站，是距离浦东国际机场和迪斯尼乐园最近的酒店...,¥139起,376条点评,4.4/5分,Q+上海礼季精品酒店,上海好评第1477
http://hotel.qunar.com/city/zhangjiajie/dt-5092/#from=BSEO-N,1982年中国成立第一个国家森林公园，张家界初见于世。 1982初见客栈位于张家界市武陵源区景区大门口，出入各个景点方便（客栈门口可以...,¥32起,262条点评,4.8/5分,Q+张家界1982初见客栈,张家界好评第210
http://hotel.qunar.com/city/xishuangbanna/dt-3945/#from=BSEO-N,西双版纳魅力版纳望江度假酒店，位于“九塔十二寨”的告庄西双景景区。告庄西双景位于西双版纳澜沧江民族风情旅游度假区核心，毗邻澜沧江，雄踞...,¥94起,549条点评,5.0/5分,Q+西双版纳魅力版纳望江度假酒店,西双版纳好评第1
http://hotel.qunar.com/city/nanchong/dt-3426/#from=BSEO-N,客房整洁，宽敞明亮，环境卫生，性价比较高。阆中古城历史文化明城四大古城之一，AAAAA风景旅游区，古城坐落在嘉陵江与东河之中，三面环水...,¥60起,18条点评,4.0/5分,Q+阆中古城亲友客栈,南充好评第355
http://hotel.qunar.com/city/guangzhou/dt-4734/#from=BSEO-N,汇景酒店位于广州市新塘镇汇美新村会太东路2号，交通便利快捷，汇景酒店是按国际星级标准建造的豪华商务酒店。酒店设施、配套齐全，位于繁华地...,¥140起,65条点评,4.6/5分,Q+广州港润汇景酒店新塘地王广场店,广州好评第458
http://hotel.qunar.com/city/suzhou_jiangsu/dt-13661/#from=BSEO-N,周庄蚬江精品客栈坐落于周庄新牌楼四季周庄演出附近，步行至沈厅、张厅、双桥等周庄主要景点只需500米。瞭望周庄母亲河白蚬湖，24小时中央...,¥108起,331条点评,4.8/5分,Q+周庄蚬江精品客栈,苏州好评第210
http://hotel.qunar.com/city/leshan/dt-5077/#from=BSEO-N,偶然的机会回到了故乡峨眉山，能去看看不同的风景和人文是我一直所向往的，也许是上天的眷顾，我误打误撞进入了旅游行业，在峨眉山做一个花涧民...,¥88起,467条点评,4.8/5分,Q+峨眉山凤缘酒店灵秀温泉店,乐山好评第27
http://hotel.qunar.com/city/leshan/dt-3929/#from=BSEO-N,峨眉山龙凤酒店座落在世界自然与文化遗产——峨眉山山麓，报国寺旁，距离报国寺寺庙100余米，环境优美，停车方便，提供峨眉山特色餐饮服务。...,¥89起,726条点评,4.5/5分,Q+峨眉山龙凤酒店,乐山好评第104
http://hotel.qunar.com/city/leshan/dt-4033/#from=BSEO-N,乐山美天酒店室内装潢与众不同，酒店全新装修，配置中央空调，24小时中供热水磁化恒温净化水处理，床上用品冬暖夏凉。房间宽爽舒适温馨浪漫，...,¥92起,156条点评,4.3/5分,Q+乐山美天酒店,乐山好评第303
http://hotel.qunar.com/city/leshan/dt-4940/#from=BSEO-N,峨眉山普思假日酒店，位于峨眉山报国寺景区，旅游车站旁，您上峨眉山金顶在旁边旅游客运中心上车即可。距高铁峨眉山站1公里（高铁站出站乘12...,¥96起,213条点评,4.8/5分,Q+峨眉山普思假日酒店,乐山好评第27
http://hotel.qunar.com/city/leshan/dt-3130/#from=BSEO-N,沐川外滩假日酒店是一家按星级标准设计装修，集住宿、餐饮、品茗、棋牌、咖啡、清吧为一体的精品商务酒店，酒店位于沐川县沐源路，坐落于国道2...,¥99起,158条点评,4.8/5分,Q+沐川外滩假日酒店,乐山好评第27
http://hotel.qunar.com/city/leshan/dt-4812/#from=BSEO-N,乐山西城假日酒店（龙湾店）位于乐山中心城区，距乐山大佛约7公里，周边配套齐全，距万达广场1.3公里，可随时去万达购物，高铁站、长途车站...,¥99起,410条点评,4.5/5分,Q+乐山西城假日酒店龙湾店,乐山好评第104
http://hotel.qunar.com/city/leshan/dt-4324/#from=BSEO-N,鸽子花儿，温馨似家。酒店从装修、使用的物品以及提供的服务都按照家的舒适、便利来安排，希望旅客在游山玩水之后入住鸽子花儿能舒舒服服睡上一...,¥103起,653条点评,4.6/5分,Q+峨眉山鸽子花精品酒店报国寺店,乐山好评第61
http://hotel.qunar.com/city/leshan/dt-4743/#from=BSEO-N,唯家东南亚酒店品牌故事 身体跟灵魂，有一个要在路上，结伴而行，两心依偎，从日出到夜晚阅尽世间美景。 海洋、岛屿、阳光、这是关于东南亚异...,¥185起,265条点评,4.4/5分,Q+乐山V加主题精品酒店,乐山好评第237
http://hotel.qunar.com/city/xian/dt-15348/#from=BSEO-N,老西安青年旅舍（西安市东八路32号），位于西安火车站东八路和尚爱路十字东南角、毗邻五路口万达广场商圈。步行至西安火车站，机场大巴2号线...,¥27起,595条点评,4.3/5分,Q+西安老西安青年旅馆,西安好评第1821
http://hotel.qunar.com/city/xian/dt-8702/#from=BSEO-N,秦城小巷青年旅舍，地处钟楼商圈，在古老的回民街里，周边充满陕西传统美食。步行至钟楼地铁站只需要10分钟左右。建议由西安西大街大学习巷步...,¥29起,1424条点评,4.4/5分,Q+西安秦城小巷青年旅舍钟楼回民街店,西安好评第1468
http://hotel.qunar.com/city/xian/dt-19556/#from=BSEO-N,迦家毗邻五路口万达广场商圈，步行至西安火车站，机场大巴2号线，西安市汽车站仅需5分钟。西安地铁一号线D出口出站向朝阳门方向沿东五路步行...,¥39起,87条点评,4.5/5分,Q+西安迦家城市精品酒店钟楼火车站万达广场店,西安好评第830
http://hotel.qunar.com/city/xian/dt-24540/#from=BSEO-N,红贝壳主题酒店（西安未央凤城四路店）坐落于明光路与凤城四路交汇处（世融嘉城），其占地面积5000多平方米。地处西安北郊经济技术开发区C...,¥98起,34条点评,4.0/5分,Q+西安红贝壳主题酒店凤城四路店,西安好评第2739
http://hotel.qunar.com/city/xian/dt-22534/#from=BSEO-N,酒店座落于西安市莲湖区光明巷63号。与钟楼、鼓楼交相辉映。地处市中心繁华街区回民街，处地铁一号线、二号线的交汇处，公交线路四通八达。 ...,¥140起,194条点评,4.5/5分,Q+西安爱海蓝精品主题驿站钟楼回民街店,西安好评第830
http://hotel.qunar.com/city/xian/dt-4544/#from=BSEO-N,唐苑宾馆性价比很高，酒店位于西安市钟楼核心商圈，几分钟步行到钟鼓楼广场，碑林、书院门、明代城墙近在咫尺，尽享着名的回民街小吃；购物于世...,¥140起,301条点评,4.5/5分,Q+西安钟楼唐苑宾馆,西安好评第830
http://hotel.qunar.com/city/xian/dt-8914/#from=BSEO-N,酒店整体风格古朴雅致，以竹.藤.花.植物.水墨画.书法.紫砂.茶.书籍一气呵成。且有幸请到“西安美术协会”李老师亲笔提名，在这里的每个...,¥166起,472条点评,4.5/5分,Q+西安芍药居精品公寓酒店民乐园万达广场店,西安好评第830
http://hotel.qunar.com/city/shanghai_city/dt-26253/#from=BSEO-N,酒店距迪士尼东大门直线距离仅1.8公里，酒店为您提供迪士尼接送服务。位于浦东新区川图路与川沙路交汇处，酒店地理位置绝佳，紧邻上海迪士尼...,¥152起,661条点评,4.5/5分,Q+上海欧亚美酒店公寓,上海好评第725
http://hotel.qunar.com/city/shanghai_city/dt-25753/#from=BSEO-N,上海舜邦精品酒店位于虹桥机场2号航站楼和上海虹桥火车站附近，处于虹桥交通枢纽以及建设中的虹桥商务区中心地带和虹桥国展中心附近。距离地铁...,¥159起,1972条点评,4.6/5分,Q+上海舜邦精品酒店,上海好评第469
http://hotel.qunar.com/city/shanghai_city/dt-25879/#from=BSEO-N,上海迪航精品酒店位于浦东机场镇，距离浦东机场T1、T2航站楼驱车仅需10分钟，距地铁2号远东大道站5分钟车程，距迪士尼20分钟车程，步...,¥162起,138条点评,4.5/5分,Q+上海迪航精品酒店浦东国际机场店,上海好评第725
http://hotel.qunar.com/city/shanghai_city/dt-24949/#from=BSEO-N,白领E家商务酒店是一家新装修的旅游服务酒店，地址位于上海浦东国际旅游度假区，距离迪士尼乐园2公里，有客房150间环境优美舒适服务贴心，...,¥188起,360条点评,4.6/5分,Q+上海白领E家商务酒店,上海好评第469
http://hotel.qunar.com/city/shanghai_city/dt-25429/#from=BSEO-N,美村国际度假连锁酒店距离迪士尼乐园两站地铁8分钟即可到达，位于浦东新区康桥镇康沿路688号，近罗桥路，酒店总客房136间。酒店按星级标...,¥194起,257条点评,4.6/5分,Q+上海美村国际度假连锁酒店,上海好评第469
http://hotel.qunar.com/city/shanghai_city/dt-25191/#from=BSEO-N,锦季酒店是博齐旗下倾情打造的中高端酒店，酒店采用“简约、时尚”富有品质的风格理念设计而成。 坐落于浦东新区康桥镇康花路599号（近锦绣...,¥202起,205条点评,4.6/5分,Q+上海锦季酒店康桥浦三路地铁站店,上海好评第469
http://hotel.qunar.com/city/shanghai_city/dt-33354/#from=BSEO-N,协展酒店是上海高速成长的新兴酒店，在创始人的带领下，协展体现时尚现代，便捷舒适，高性价比。,¥208起,64条点评,4.4/5分,Q+上海协展酒店,上海好评第1477
http://hotel.qunar.com/city/shanghai_city/dt-27883/#from=BSEO-N,酒店距迪士尼东大门直线距离仅1.8公里。位于浦东新区川展路与川沙路交汇处，酒店地理位置绝佳，紧邻上海迪士尼乐园，从酒店出发到迪士尼乐园...,¥259起,867条点评,4.5/5分,Q+上海欧亚美阳光酒店,上海好评第1066
http://hotel.qunar.com/city/shanghai_city/dt-25584/#from=BSEO-N,上海斑斓·家民宿酒店徐汇店精心选址在上海交通最便利、最繁华的原老上海法租界区域、淮海路 延安路 外滩 绍兴路 襄阳路 瑞金路 武康路 ...,¥349起,185条点评,4.5/5分,Q+上海斑斓家徐汇民宿市中心历史建筑,上海好评第725
http://hotel.qunar.com/city/zhangjiajie/dt-5973/#from=BSEO-N,满庭芳地理位置绝佳，比邻张家界火车站广场、汽车站候车大厅，步行至风景名胜天门山仅需十分钟，这里交通便利、窗景优美，是您理想的下榻之地。...,¥64起,182条点评,4.9/5分,Q+张家界满庭芳客栈火车站天门山店,张家界好评第66
http://hotel.qunar.com/city/zhangjiajie/dt-3414/#from=BSEO-N,Q+张家界悠然居客栈位于张家界核心景区武陵源。客栈每一层的装修风格和颜色都不一样。一楼是一个清吧型的大堂吧，观景归来后，可在此上上网，...,¥94起,1270条点评,4.6/5分,Q+张家界悠然居客栈,张家界好评第379
http://hotel.qunar.com/city/zhangjiajie/dt-5556/#from=BSEO-N,Mr.F集成酒店预订、周边攻略、目的地旅游等核心功能。后续将提供门票、接车、导游等旅行产品打包服务。旗下的主题酒店、公寓酒店、青年旅社...,¥97起,76条点评,4.5/5分,Q+张家界Mr.F精品酒店天门山火车站店,张家界好评第498
http://hotel.qunar.com/city/zhangjiajie/dt-5983/#from=BSEO-N,张家界紫艳凝香客栈位于武陵源核心景区标志门进站口军邸路55号，距离门票站步行仅需3分钟，距汽车站仅需5分钟，眦临各知名景点：宝峰湖、黄...,¥107起,147条点评,4.8/5分,Q+张家界紫艳凝香客栈国家森林公园武陵源标志门店,张家界好评第210
http://hotel.qunar.com/city/zhangjiajie/dt-5183/#from=BSEO-N,张家界悦庭生态客栈客栈由掌柜精心设计布置，以＂生态＂为名，讲究美观自然，健康环保；客栈主体古朴诠释时尚，自然流动美感，粗犷而隐藏别致。...,¥114起,458条点评,4.9/5分,Q+张家界悦庭生态客栈天门山火车站店,张家界好评第66
http://hotel.qunar.com/city/zhangjiajie/dt-4589/#from=BSEO-N,张家界汉宿.山海童话客栈，关心您的旅程，让旅游，入住变得更有意思！,¥122起,831条点评,4.8/5分,Q+汉宿·山海童话客栈标志门二店,张家界好评第210
http://hotel.qunar.com/city/zhangjiajie/dt-5456/#from=BSEO-N,旅行就是要品味人生，让自己的眼界更加开阔、为自己的人生增添新的动力。这里是闲山甲居，是闹市区的世外桃源、是古风犹存的四合院客栈、细细品...,¥127起,176条点评,4.8/5分,Q+张家界闲山甲居客栈天门山店,张家界好评第210
http://hotel.qunar.com/city/zhangjiajie/dt-5516/#from=BSEO-N,悠觅时光精品主题客栈位于张家界国家森林公园武陵源核心景区杨家界门票站对面。在整个森林公园是个中段位置，上行可玩天子核心景区（贺龙公园、...,¥132起,87条点评,4.9/5分,Q+张家界武陵源悠觅时光精品主题客栈,张家界好评第66
http://hotel.qunar.com/city/xishuangbanna/dt-3879/#from=BSEO-N,西双版纳雨林之澜度假酒店是个公寓式酒店，酒店位于西双版纳景洪市告庄西双景。从嘎洒机场至酒店车程约需约15-20分钟，入住即可享受酒店提...,¥98起,514条点评,4.9/5分,Q+西双版纳雨林之澜度假酒店,西双版纳好评第84
http://hotel.qunar.com/city/xishuangbanna/dt-3812/#from=BSEO-N,西双版纳雨林澜山望江度假酒店位于景洪市告庄西双景内，临近湄公河，房型座北朝南，通风，透气。酒店在告庄的景真寨3栋共29层，离大金塔，星...,¥141起,1063条点评,5.0/5分,Q+西双版纳雨林澜山望江度假酒店,西双版纳好评第1
http://hotel.qunar.com/city/xishuangbanna/dt-4478/#from=BSEO-N,,¥205起,396条点评,4.9/5分,Q+西双版纳陌上花开客栈,西双版纳好评第84
http://hotel.qunar.com/city/xishuangbanna/dt-4407/#from=BSEO-N,西双版纳西娜庭院精品主题客栈位于风景秀丽的景洪市告庄西双景景罕寨，客栈四周环境十分优美，独特建筑风格，外部环境采用泰国酒店的环境布局。...,¥208起,256条点评,4.9/5分,Q+西双版纳西娜庭院主题精品客栈,西双版纳好评第84
http://hotel.qunar.com/city/xishuangbanna/dt-4040/#from=BSEO-N,西双版纳金榴莲主题客栈是一家采用傣式风情度假体验为理念的主题客栈，客栈坐落于西双版纳景洪市5A级景区告庄西双景景亮寨内，步行2分钟即可...,¥210起,386条点评,4.9/5分,Q+西双版纳金榴莲主题客栈,西双版纳好评第84
http://hotel.qunar.com/city/xishuangbanna/dt-3907/#from=BSEO-N,客栈于2016年11月开业，是具有当地傣族宫廷风格的建筑。位于西双版纳的旅游小镇、景洪的城市名片——风景秀丽、古色古香的告庄西双景内。...,¥216起,406条点评,4.9/5分,Q+西双版纳曼陀罗客栈,西双版纳好评第84
http://hotel.qunar.com/city/xishuangbanna/dt-4038/#from=BSEO-N,菠萝蜜至尊客栈位于西双版纳最美丽的旅游度假区——告庄西双景，客栈距西双版纳景洪市嘎洒机场仅20分钟车程，毗邻星光夜市、大金塔，与素有“...,¥218起,273条点评,4.9/5分,Q+西双版纳菠萝蜜至尊客栈,西双版纳好评第84
http://hotel.qunar.com/city/xishuangbanna/dt-3803/#from=BSEO-N,客栈于2016年11月开业，是具有当地傣族宫廷风格的建筑。位于西双版纳的旅游小镇、景洪的城市名片——风景秀丽、古色古香的告庄西双景内。...,¥224起,225条点评,4.8/5分,Q+西双版纳南国岁月精品主题客栈,西双版纳好评第210
http://hotel.qunar.com/city/xishuangbanna/dt-4037/#from=BSEO-N,西双版纳金芒果客栈，位于西双版纳州告庄西双景的景亮寨26栋，地理位置优越，告庄标志性建筑大金塔就在隔壁，离远近闻名的星光夜市仅50米，...,¥228起,174条点评,5.0/5分,Q+西双版纳金芒果客栈,西双版纳好评第1
http://hotel.qunar.com/city/nanchong/dt-3677/#from=BSEO-N,Q+阆中鑫圆梦雅客栈于2016年9月28日正式上线营业，欢迎您的光临。客栈于2016年5月按照星级标准装修的古式木房客栈。客栈位于阆中...,¥68起,55条点评,4.8/5分,Q+阆中鑫圆梦雅客栈,南充好评第10
http://hotel.qunar.com/city/nanchong/dt-2556/#from=BSEO-N,该店客房整洁，宽敞明亮，环境卫生，配套设施齐全，服务周到，方便入住。,¥72起,23条点评,4.5/5分,Q+阆中望江楼客栈,南充好评第103
http://hotel.qunar.com/city/nanchong/dt-3361/#from=BSEO-N,Q+阆中金江旅游酒店距阆中古城西门150米，出游便利，停车方便。酒店设施齐全，房间温馨整洁，舒适宽敞。江景房开窗即见嘉陵江河湾美景，绿...,¥74起,89条点评,4.3/5分,Q+阆中金江旅游酒店,南充好评第198
http://hotel.qunar.com/city/nanchong/dt-2249/#from=BSEO-N,古城客栈座落于阆中市古城景区中心北街30号，距中天楼50米，与张飞庙、贡院相邻。始建于明末清初，建筑面积约600平方米，房屋为木质结构...,¥83起,227条点评,4.8/5分,Q+阆中古城客栈,南充好评第10
http://hotel.qunar.com/city/nanchong/dt-3328/#from=BSEO-N,酒店位于客栈座落于阆中市古城景区阆中古城下新街47号，距中天楼150米，与张飞庙、贡院相邻。始建于明末清初，建筑面积约300平方米，房...,¥100起,64条点评,4.5/5分,Q+阆中敬家客苑住宿,南充好评第63
http://hotel.qunar.com/city/nanchong/dt-2234/#from=BSEO-N,Q+阆中陵江曲艺客栈坐落于阆中古城水路码头，临江而建，周边旅游景点众多。几百年来，南来北往的达官显贵、商贾云集，莅临客栈，望山临水，明...,¥106起,159条点评,4.5/5分,Q+阆中陵江曲艺客栈,南充好评第63
http://hotel.qunar.com/city/nanchong/dt-3063/#from=BSEO-N,Q+阆中半岛商务酒店古城店毗邻古城主入口，交通便利，同时紧靠嘉陵江边，该店的江景房推开房门就能看到如诗如画的古城江景。房间采用独特的中...,¥132起,235条点评,4.0/5分,Q+阆中半岛商务酒店古城店,南充好评第304
http://hotel.qunar.com/city/nanchong/dt-3737/#from=BSEO-N,性价比高，住宿环境、通风采光较好。,¥137起,63条点评,4.5/5分,Q+阆中侯家大院,南充好评第103
http://hotel.qunar.com/city/nanchong/dt-3728/#from=BSEO-N,阆中怡城，游古城、赏夜景旅游首选酒店；酒店采用怀旧式主题，更是一个城中（古）城，进入酒店仿佛已经置身古城之中，古朴的街道式走廊，让您忍...,¥142起,16条点评,4.6/5分,Q+阆中怡城怀旧文化酒店,南充好评第29
http://hotel.qunar.com/city/guangzhou/dt-13115/#from=BSEO-N,福力兴酒店广州荔湾路店（原汉庭酒店广州荔湾店）位于荔湾商业中心区，临近东风西路流花湖公园、蓓蕾剧院步行8分钟、广州市南海中学步行5分钟...,¥167起,919条点评,4.5/5分,Q+广州福力兴酒店上下九陈家祠地铁站店,广州好评第754
http://hotel.qunar.com/city/guangzhou/dt-20813/#from=BSEO-N,嘻哈亲子主题度假酒店公寓（广州长隆华美店）是嘻哈国际度假公寓品牌的又一间品质公寓。位于广州市繁华的番禺区万博中心、番禺万达广场旁边，特...,¥168起,400条点评,4.5/5分,Q+广州嘻哈亲子主题度假酒店公寓长隆北门店,广州好评第754
http://hotel.qunar.com/city/guangzhou/dt-20016/#from=BSEO-N,高赛思酒店公寓（广州高铁南站店）位于广州南站西站口附近。距离长隆3公里，距离琶洲13公里，距离市桥7公里，距离天河体育中心15公里，距...,¥178起,284条点评,4.5/5分,Q+广州南站高赛思精品公寓,广州好评第754
http://hotel.qunar.com/city/guangzhou/dt-28623/#from=BSEO-N,酒店提供24h机场接送服务，位于矮岗村十字坎，绿地停车场旁边，距离机场仅3分钟车程。酒店整体装修简约时尚，房间温馨舒适，各种配套设施一...,¥178起,87条点评,4.8/5分,Q+路易·时空旗舰店广州新白云国际机场店,广州好评第227
http://hotel.qunar.com/city/guangzhou/dt-23683/#from=BSEO-N,广州拉美国际酒店公寓（广州南沙保利大都汇店）位于广州南沙经济开发区，交通十分便利。临近南沙天后宫、百万葵园等景区。公寓设有各类豪华客房...,¥188起,72条点评,4.5/5分,Q+广州拉美国际公寓南沙店,广州好评第1092
http://hotel.qunar.com/city/guangzhou/dt-21412/#from=BSEO-N,公寓距番禺长隆北门约50米，距汉溪长隆地铁站10分钟，近广州长隆欢乐世界、广州长隆水上乐园、广州长隆大马戏，广州长隆野生动物园。周边美...,¥205起,325条点评,4.5/5分,Q+广州星悦遵品公寓（长隆北门店）,广州好评第754
http://hotel.qunar.com/city/guangzhou/dt-7020/#from=BSEO-N,广州景园商务酒店是一家挂牌星级的商务型酒店，交通方便，位于广州伟伦体育职业学院对面，靠近华南师范大学，广州天河客运站，距广州东站火车站...,¥294起,284条点评,4.1/5分,Q+广州景园商务酒店长兴店,广州好评第2386
http://hotel.qunar.com/city/guangzhou/dt-21097/#from=BSEO-N,喜运酒店公寓管理集团最新力作--广州喜运臻品艺术主题公寓汉溪长隆店，是全国首家融合了五大主题元素为一体的臻品酒店公寓（家庭亲子，艺术品...,¥298起,887条点评,4.5/5分,Q+广州喜运臻品艺术主题公寓汉溪长隆店,广州好评第754
http://hotel.qunar.com/city/guangzhou/dt-11543/#from=BSEO-N,赛菲尔酒店位于广州市天河区大观中路490号，距黄村地铁站3-4公里。 酒店主楼高3层，133套舒适豪华的客房、套房，让您休息办公的同时...,¥308起,701条点评,4.0/5分,Q+广州赛菲尔商务酒店,广州好评第2862
http://hotel.qunar.com/city/suzhou_jiangsu/dt-12946/#from=BSEO-N,苏州长风快捷宾馆坐落于苏州东北街，靠近著名的苏州拙政园，闹中取静的独特位置，距苏州火车站约1公里，长途汽车北站约2公里路程，酒店邻近苏...,¥118起,1809条点评,4.5/5分,Q+苏州长风快捷宾馆拙政园店,苏州好评第779
http://hotel.qunar.com/city/suzhou_jiangsu/dt-15570/#from=BSEO-N,归燕返，春光近，周庄的燕居，枕南湖听涛音，对水巷聆静谧。传统的徽派建筑，匠心独具的室内装饰。集人文与宜居一体，景致与情怀藏一处。推窗望...,¥172起,6条点评,5.0/5分,Q+周庄燕居主题客栈,苏州好评第1
http://hotel.qunar.com/city/suzhou_jiangsu/dt-4735/#from=BSEO-N,一季繁花一世缘，周庄一座美丽又朴实的古镇，让你远离城市的喧嚣，回归朴心的生活，时光荏苒，把您从现实拉回到梦境，在这您可以漫步在岁月积淀...,¥176起,461条点评,4.6/5分,Q+周庄古镇别苑精品客栈,苏州好评第392
http://hotel.qunar.com/city/suzhou_jiangsu/dt-12348/#from=BSEO-N,同里温馨假日客栈座落于同里古镇汽车站旁，房间内上下两层，采光充足；上层设廊式阳台。客栈装潢考究，全部为中式仿古式的镂空窗棱，古朴典雅中...,¥178起,106条点评,4.8/5分,Q+同里古镇温馨假日精品客栈,苏州好评第210
http://hotel.qunar.com/city/suzhou_jiangsu/dt-13964/#from=BSEO-N,古镇旁，小河畔！酒店位于沈厅检票口处，进出景区便捷，步行仅1分钟时间。附近有大型停车场富贵园停车场，停车便利。客栈周边环境宁静清幽，可...,¥188起,248条点评,4.9/5分,Q+周庄玉燕堂精品客栈,苏州好评第97
http://hotel.qunar.com/city/suzhou_jiangsu/dt-13997/#from=BSEO-N,周庄舒心别苑精品客栈坐落于美丽的江南小镇-周庄，与古牌楼检票口只有百米之遥，步行2分钟即可到达，2分钟到达四季周庄水上舞台，周边超市、...,¥188起,89条点评,4.9/5分,Q+周庄舒心别苑精品客栈,苏州好评第97
http://hotel.qunar.com/city/suzhou_jiangsu/dt-12841/#from=BSEO-N,苏州周庄忆江南精品客栈曲水兰亭店坐落在周庄古镇中心，庭院式客栈，前院后河。客栈为典型江南人家式建筑，中式庭院景致优美，闹中取静。客栈装...,¥238起,591条点评,4.8/5分,Q+苏州周庄忆江南精品客栈曲水兰亭店,苏州好评第210
http://hotel.qunar.com/city/suzhou_jiangsu/dt-15424/#from=BSEO-N,上海自驾客人导航请咨询酒店前台乐游美宿曾谙堂精选酒店座落于周庄古镇新牌楼，旁边就是四季演出进出口（售票中心），1分钟到达四季周庄水上舞...,¥325起,85条点评,4.8/5分,Q+昆山乐游周庄曾谙堂美宿,苏州好评第210
http://hotel.qunar.com/city/dalian/dt-10646/#from=BSEO-N,Qunar+大连云杉庭院酒店老虎滩海洋公园店位于美丽的海滨旅游城市大连南部傅家庄著名旅游风景区。繁华都市中辟一处幽静所在，山海掩映间倚...,¥32起,229条点评,4.8/5分,Q+大连云杉庭院酒店老虎滩海洋公园店,大连好评第105
http://hotel.qunar.com/city/huangshan/dt-6036/#from=BSEO-N,黄山宏村时光漫步主题客栈位于宏村镇水墨宏村，近宏村景区进口，直线距离大概300米。客栈靠近218省道，距离黄山风景区和西递各30分钟车...,¥38起,227条点评,4.6/5分,Q+黄山宏村时光漫步主题客栈,黄山好评第381
http://hotel.qunar.com/city/guilin/dt-9204/#from=BSEO-N,步行一分钟至两江四湖之一的榕湖，步行15-20分钟到象鼻山，日月双塔。客房整洁，宽敞明亮，环境卫生，性价比较高。逸思所有房间房费不含发...,¥30起,438条点评,4.6/5分,Q+桂林逸思·聆江国际青年旅舍,桂林好评第305
http://hotel.qunar.com/city/xian/dt-20123/#from=BSEO-N,西安钟楼回民街梦幻西西里精品主题客栈位于西安著名的特色美食街——回民街上，客栈闹中取静，坐拥钟鼓楼，出门就是美食街，独特的地理位置简直...,¥185起,679条点评,4.6/5分,Q+西安梦幻西西里精品主题客栈钟楼回民街店,西安好评第575
http://hotel.qunar.com/city/shanghai_city/dt-26253/#from=BSEO-N,酒店距迪士尼东大门直线距离仅1.8公里，酒店为您提供迪士尼接送服务。位于浦东新区川图路与川沙路交汇处，酒店地理位置绝佳，紧邻上海迪士尼...,¥188起,651条点评,4.5/5分,Q+上海欧亚美酒店公寓,上海好评第727
http://hotel.qunar.com/city/zhangjiajie/dt-6323/#from=BSEO-N,,¥153起,8条点评,5.0/5分,Q+汉宿·静水山居（张家界杨家界门票站店）,张家界好评第1
http://hotel.qunar.com/city/zhangjiajie/dt-5366/#from=BSEO-N,云琴精品客栈，坐落于张家界国家森林公园（武陵源区）标志门门票站旁边，到武陵源汽车站步行8分钟路程，客栈周边交通方便，环境优美，客栈内部...,¥157起,406条点评,4.8/5分,Q+张家界云琴精品客栈国家森林公园武陵源标志门店,张家界好评第220
http://hotel.qunar.com/city/nanchong/dt-3503/#from=BSEO-N,性价比高，住宿环境、通风采光较好。,¥219起,45条点评,4.5/5分,Q+阆中太极会馆,南充好评第63
http://hotel.qunar.com/city/guangzhou/dt-21906/#from=BSEO-N,广州奥因斯酒店公寓是以欧洲简洁式装饰，酒店位于广州南站旁，距离长隆线站地铁仅5公里，琶洲会展中心也仅20分钟车程。酒店主楼高17层，建...,¥398起,313条点评,4.6/5分,Q+广州南站奥因斯国际公寓,广州好评第458
http://hotel.qunar.com/city/suzhou_jiangsu/dt-13064/#from=BSEO-N,位于周庄镇全功路与全福路交叉路口，最繁华地段，毗邻古镇景区正大门和四季周庄演出地点，出行方便。在水一方精品客栈呈中式风格设计元素中略带...,¥329起,7条点评,4.1/5分,Q+周庄在水一方精品客栈,苏州好评第1565
http://hotel.qunar.com/city/suzhou_jiangsu/dt-14440/#from=BSEO-N,周庄四季庄园客栈座落于周庄古镇正门口肯德基旁，步行仅1分钟到达检票口，1分钟到达四季周庄水上舞台，距离超市/饭店/药店/水果店/几步之...,¥348起,406条点评,4.9/5分,Q+昆山周庄四季庄园,苏州好评第97
http://hotel.qunar.com/city/dalian/dt-7778/#from=BSEO-N,大连暖海岸青年旅舍距离西山水库约3公里，距离机场约3公里（从店内打车到机场起步价），周边购物娱乐方便，邻近乐购、靠近砬子山工业园区，多...,¥35起,518条点评,4.8/5分,Q+大连暖海岸青年旅舍,大连好评第105
http://hotel.qunar.com/city/dalian/dt-9231/#from=BSEO-N,大连12H太空舱酒店式大连一家胶囊酒店，位于大连市中山区港湾街5号、太空舱酒店风靡日本及全球、以其功能完备、私密性强、舒适安全、低碳环...,¥39起,702条点评,4.5/5分,Q+大连12H太空舱酒店,大连好评第588
http://hotel.qunar.com/city/dalian/dt-4545/#from=BSEO-N,大连袖珍快捷酒店地处大连市西岗区繁华的长春路段，偏安于新船巷一隅。是一家青年旅舍式快捷酒店。酒店距离森林动物园1.8公里、付家庄海洋公...,¥73起,371条点评,4.3/5分,Q+大连袖珍快捷酒店,大连好评第951
http://hotel.qunar.com/city/dalian/dt-8845/#from=BSEO-N,大连逅宫主题酒店拥有客房58间，逅宫主题位于大连市中山区武昌街武昌北巷2号（原大明集团），近大连火车站，毗邻大连青泥洼桥商业区，同时购...,¥87起,673条点评,4.4/5分,Q+大连逅宫主题酒店,大连好评第772
http://hotel.qunar.com/city/dalian/dt-9867/#from=BSEO-N,酒店坐落于沙河口区振工街6号（鞍山路与振工街路口），紧邻西安路商业区、电子城、东联路下桥口、大连广播电视中心，酒店门前公共交通工具汇集...,¥87起,178条点评,4.4/5分,Q+大连阳光七天酒店,大连好评第772
http://hotel.qunar.com/city/dalian/dt-9482/#from=BSEO-N,性价比高，住宿环境、通风采光较好。,¥89起,153条点评,4.5/5分,Q+大连金石滩桃源休闲度假酒店,大连好评第588
http://hotel.qunar.com/city/dalian/dt-3478/#from=BSEO-N,阿房生酒店（大连星海广场百年汇店）坐落于大连市区黄金地带，交通四通八达，环境宜人。百年汇店延续了阿房生总店的服务理念，人性化服务，奢华...,¥110起,348条点评,4.4/5分,Q+大连阿房生酒店百年汇店,大连好评第772
http://hotel.qunar.com/city/dalian/dt-10975/#from=BSEO-N,大连星海广场飞悦酒店临近会展中心、星海广场、星海公园等地，出行方便。大连星海广场飞悦酒店拥有各类客房。海景房可近距离俯瞰星海广场全景与...,¥119起,518条点评,4.8/5分,Q+大连星海广场飞悦酒店,大连好评第105
http://hotel.qunar.com/city/huangshan/dt-5822/#from=BSEO-N,位于中国画里乡村美誉宏村景区，水墨宏村32幢楼，离宏村景区西一门200米，酒店内设停车场，徽派装修的客房，古香古色温馨典雅，酒店内可以...,¥40起,133条点评,4.6/5分,Q+宏村滋园酒店,黄山好评第381
http://hotel.qunar.com/city/huangshan/dt-2850/#from=BSEO-N,黄山风景区汤口镇南大门之内24小时接和送。 客栈以“口碑好、价格低”为经营理念，“你来黄山，我们给力”为宗旨，提供诚信安全，舒适健康，...,¥44起,266条点评,4.5/5分,Q+黄山给力客栈,黄山好评第536
http://hotel.qunar.com/city/huangshan/dt-4262/#from=BSEO-N,黄山四叶草精品酒店位于黄山山下汤口镇，新建与2013年，现有客房78间。酒店的宗旨是为来黄山自助游、自驾游、驴友、户外爱好者、家庭出游...,¥79起,129条点评,4.5/5分,Q+黄山四叶草精品酒店,黄山好评第665
http://hotel.qunar.com/city/huangshan/dt-5719/#from=BSEO-N,黄山拾光客栈位于黄山风景区汤口南大门，距离黄山东岭换乘中心仅5分钟车程，由此可登临黄山山顶（光明顶）；距离山下5A级景区西递宏村仅50...,¥85起,697条点评,4.8/5分,Q+黄山汤口拾光客栈风景区南大门店,黄山好评第236
http://hotel.qunar.com/city/huangshan/dt-6017/#from=BSEO-N,黄山思雨轩客栈：客栈位置：黄山思雨轩客栈位于黄山风景区汤口南大门九龙瀑景区边上，酒店地理位置优越，出行交通便利，酒店离九龙瀑100米，...,¥88起,596条点评,4.9/5分,Q+黄山思雨轩客栈,黄山好评第78
http://hotel.qunar.com/city/huangshan/dt-5997/#from=BSEO-N,黄山蒲公英驿栈地处黄山风景区内，距离东岭换乘中心600米，南大门换乘中心800米。早上从驿栈出发步行5分钟即可到达车站，乘坐景区专线大...,¥95起,132条点评,4.8/5分,Q+黄山蒲公英驿栈,黄山好评第236
http://hotel.qunar.com/city/huangshan/dt-4698/#from=BSEO-N,客栈位于黄山市的中心城区，四通八达，距离火车站约1公里，汽车站约2公里，8路公交车直达站台名（前园南路口），到市内著名景区“明清老街”...,¥124起,449条点评,4.6/5分,Q+黄山小桥里客栈屯溪老街店,黄山好评第381
http://hotel.qunar.com/city/huangshan/dt-6165/#from=BSEO-N,宏村草堂私人庭院地处宏村风景区内，南湖拱桥进去300米，雷岗山下，毗邻月沼、汪氏宗祠、水圳，庭院是一座当地民宅，院内中式古典风格为主，...,¥136起,218条点评,4.8/5分,Q+黟县宏村草堂私人庭院,黄山好评第236
http://hotel.qunar.com/city/huangshan/dt-6689/#from=BSEO-N,Q+黄山宏村双溪客栈座落于美丽的宏村景区西门，交通便利：距黄山风景区汤口南大门换乘中心35分钟车程，距黄山市区屯溪老街1小时车程，途经...,¥138起,45条点评,4.8/5分,Q+黄山宏村双溪客栈,黄山好评第236
http://hotel.qunar.com/city/guilin/dt-9189/#from=BSEO-N,“横门之下可以栖迟”栖迟这个词出自诗经。客栈位于桂林商业中心而不喧闹，座落与漓江旁的滨江路上，与正阳步行街相连，位于中心江景区的段。与...,¥34起,323条点评,4.5/5分,Q+桂林栖迟客栈正阳步行街店,桂林好评第732
http://hotel.qunar.com/city/guilin/dt-9675/#from=BSEO-N,推门即至湖畔，临水栖居。从一座临湖旧宅，到一座庭院别墅；从一花一草一木，到一人一湖一城。桂林嬉戏旅行客栈，背靠骝马山，面朝桂湖。一个安...,¥98起,478条点评,4.8/5分,Q+桂林嬉戏湖畔观景客栈两江四湖市中心江景店,桂林好评第145
http://hotel.qunar.com/city/guilin/dt-6690/#from=BSEO-N,客栈位于阳朔中心地带，去西街步行3分钟。客栈为经典欧式装修。从装修设计到房间布置全部由店主亲力亲为，房间设施设备齐全，wifi全覆盖，...,¥105起,505条点评,4.8/5分,Q+阳朔西街眯喽客栈,桂林好评第145
http://hotel.qunar.com/city/guilin/dt-7376/#from=BSEO-N,龙胜金坑偷闲小屋，位于龙脊梯田大寨红瑶观景村落----田头寨。旅舍地理位置优越，步行至一号观景点西山韶乐约30分钟，至二号观景点千层天...,¥112起,451条点评,4.8/5分,Q+桂林龙胜龙脊梯田偷闲小屋,桂林好评第145
http://hotel.qunar.com/city/guilin/dt-8701/#from=BSEO-N,酒店位于桂林市火车站旁，距离十字街、中心广场、依仁路、步行街、漓江约8分钟车程，距离两江四湖、象鼻山景区、西城步行街仅约5分钟车程，距...,¥115起,1113条点评,4.4/5分,Q+桂林奥森酒店火车站店,桂林好评第965
http://hotel.qunar.com/city/guilin/dt-6993/#from=BSEO-N,Q+阳朔西街华景里精品客栈位于阳朔县西街旁的芙蓉路，地处西街商业圈，步行至中外闻名的阳朔西街仅约数分钟。步行即到漓江边，听江涛滚滚，感...,¥118起,850条点评,4.8/5分,Q+阳朔西街华景里精品客栈,桂林好评第145
http://hotel.qunar.com/city/guilin/dt-7026/#from=BSEO-N,在这里，时光是安静的，它会随着陶艺转盘缓缓旋转，静静流逝，将你在阳朔这一段旅程雕琢为最随心的旅程。店中每一处都展现着陶艺的美，无论是造...,¥118起,72条点评,4.4/5分,Q+阳朔陶然庭主题客栈,桂林好评第965
http://hotel.qunar.com/city/guilin/dt-7819/#from=BSEO-N,九龙精品客栈坐落于桂林市中心繁华地段，交通方便。背靠闻名中外的七星公园，约5分钟步行时间，毗邻小东江，酒店对面的訾洲公园与桂林城徽象鼻...,¥118起,632条点评,4.6/5分,Q+桂林九龙客栈两江四湖店,桂林好评第305
http://hotel.qunar.com/city/guilin/dt-6354/#from=BSEO-N,聊作清闲是幽居.蔓时光后海听禅客栈位于两江四湖景区的桃花江之畔.咫尺亲水.推窗望江景.闹中取静.地段优越，闹中取静，地段优越，约8分钟...,¥130起,600条点评,4.8/5分,Q+桂林蔓时光后海听禅客栈两江四湖店,桂林好评第145
http://hotel.qunar.com/city/shanghai_city/dt-25429/#from=BSEO-N,美村国际度假连锁酒店距离迪士尼乐园两站地铁8分钟即可到达，位于浦东新区康桥镇康沿路688号，近罗桥路，酒店总客房136间。酒店按星级标...,¥190起,253条点评,4.6/5分,Q+上海美村国际度假连锁酒店,上海好评第464
http://hotel.qunar.com/city/shanghai_city/dt-25753/#from=BSEO-N,上海舜邦精品酒店位于虹桥机场2号航站楼和上海虹桥火车站附近，处于虹桥交通枢纽以及建设中的虹桥商务区中心地带和虹桥国展中心附近。距离地铁...,¥199起,1962条点评,4.8/5分,Q+上海舜邦精品酒店,上海好评第267
http://hotel.qunar.com/city/shanghai_city/dt-25191/#from=BSEO-N,锦季酒店是博齐旗下倾情打造的中高端酒店，酒店采用“简约、时尚”富有品质的风格理念设计而成。 坐落于浦东新区康桥镇康花路599号（近锦绣...,¥229起,199条点评,4.6/5分,Q+上海锦季酒店康桥浦三路地铁站店,上海好评第464
http://hotel.qunar.com/city/shanghai_city/dt-33354/#from=BSEO-N,协展酒店是上海高速成长的新兴酒店，在创始人的带领下，协展体现时尚现代，便捷舒适，高性价比。,¥242起,63条点评,4.4/5分,Q+上海协展酒店,上海好评第1460
http://hotel.qunar.com/city/shanghai_city/dt-27883/#from=BSEO-N,酒店距迪士尼东大门直线距离仅1.8公里。位于浦东新区川展路与川沙路交汇处，酒店地理位置绝佳，紧邻上海迪士尼乐园，从酒店出发到迪士尼乐园...,¥259起,834条点评,4.5/5分,Q+上海欧亚美阳光酒店,上海好评第1057
http://hotel.qunar.com/city/shanghai_city/dt-25584/#from=BSEO-N,上海斑斓·家民宿酒店徐汇店精心选址在上海交通最便利、最繁华的原老上海法租界区域、淮海路 延安路 外滩 绍兴路 襄阳路 瑞金路 武康路 ...,¥369起,181条点评,4.5/5分,Q+上海斑斓家徐汇民宿市中心历史建筑,上海好评第727
http://hotel.qunar.com/city/zhangjiajie/dt-4589/#from=BSEO-N,张家界汉宿.山海童话客栈，关心您的旅程，让旅游，入住变得更有意思！,¥170起,824条点评,4.8/5分,Q+汉宿·山海童话客栈标志门二店,张家界好评第220
http://hotel.qunar.com/city/suzhou_jiangsu/dt-11973/#from=BSEO-N,昆山周庄烟雨江南精品客栈坐落在周庄古镇银子浜沈万三水底墓旁边，地理位置十分优越，步行至双桥和各个景点只需约3分钟。它既有典型的周庄民居...,¥358起,1699条点评,4.9/5分,Q+昆山周庄烟雨江南精品客栈,苏州好评第97
http://hotel.qunar.com/city/dalian/dt-11125/#from=BSEO-N,酒店坐落于星海广场的东北角，下楼2分钟就是星海广场，地理位置十分优越，酒店的装修达到了星级以上标准，各种房型适合家庭，情侣出游和商务出...,¥140起,439条点评,4.9/5分,Q+大连星海广场缤悦酒店公寓,大连好评第45
http://hotel.qunar.com/city/dalian/dt-11411/#from=BSEO-N,大连慢时光主题精品酒店位于大连经济技术开发区，背靠大黑山，坐落万达广场商业圈，吃喝玩乐一应俱全，集吃、住、行于一体的综合商业体，比邻金...,¥166起,84条点评,4.8/5分,Q+大连慢时光主题精品酒店开发区万达广场店,大连好评第105
http://hotel.qunar.com/city/huangshan/dt-6196/#from=BSEO-N,星宇主题酒店于2016年6月初正式开业，位于黄山区汤口镇翡翠路。“宾至如归”是酒店的服务理念！星宇主题酒店距黄山南大门1000米，距东...,¥148起,198条点评,4.8/5分,Q+黄山星宇主题酒店,黄山好评第236
http://hotel.qunar.com/city/guilin/dt-9608/#from=BSEO-N,Q+箐程雅居精品客栈位于桂林市中心西城路步行街，距离桂林著名的象鼻山公园和两江四湖景区步行只需5-10分钟，距离桂林火车站和汽车客运站...,¥137起,413条点评,4.5/5分,Q+桂林箐程雅居精品客栈,桂林好评第537
http://hotel.qunar.com/city/dalian/dt-10326/#from=BSEO-N,公寓离机场、火车站仅半小时车程，公交站、地铁站与轻轨近在咫尺，交通快捷方便，四通八达。公寓周边分布有大型综合商场，CBD城市中心，15...,¥192起,220条点评,4.5/5分,Q+大连鸿季东港海景酒店式公寓,大连好评第588
http://hotel.qunar.com/city/dalian/dt-13484/#from=BSEO-N,酒店位于著名的风景区星海广场，房间干净、舒适，是您不二的选择。,¥195起,34条点评,4.5/5分,Q+大连百年汇天禧酒店,大连好评第384
http://hotel.qunar.com/city/huangshan/dt-6005/#from=BSEO-N,黄山宏峰大酒店风景区店地处黄山风景区换乘中心入口处，从酒店走到换乘中心只有100米，早上可以直接登上黄山山顶（黄山光明顶），黄山汽车站...,¥176起,229条点评,4.5/5分,Q+黄山宏峰大酒店风景区店,黄山好评第536
http://hotel.qunar.com/city/huangshan/dt-2691/#from=BSEO-N,宏村月塘客栈是典型的徽派建筑，位于世界文化遗产AAAAA景区宏村景区中心（月沼旁），古色古香，三个大庭院，有亭子鱼塘鸟语花香，房间大采...,¥219起,672条点评,4.6/5分,Q+宏村月塘客栈宏村景区月沼店,黄山好评第381
http://hotel.qunar.com/city/huangshan/dt-6061/#from=BSEO-N,客栈位于屯溪4A景区内，步行约6分钟便可抵达屯溪老街，设计师巧妙的将徽州古建的原有魅力同现代人追求的简单休闲生活理念完美融合，是一处温...,¥290起,121条点评,4.9/5分,Q+黄山和春·书香居精品客栈,黄山好评第78
http://hotel.qunar.com/city/huangshan/dt-6531/#from=BSEO-N,湖遇民宿是简徽式风格，以木质结构为主，既体现出徽式建筑的核心特色又跟紧潮流在布草、空间、淋浴上做了很大文章，以用户体现度的高标准作为客...,¥300起,118条点评,4.8/5分,Q+宏村湖遇民居客栈,黄山好评第236
http://hotel.qunar.com/city/guilin/dt-3695/#from=BSEO-N,在阳朔，有一种生活叫慵懒，有一种时光叫懒散。朗晴居，一个拥有暖暖阳光充足光线的窝。每天听着清脆的鸟叫声醒来，拉开窗帘，阳光倾泻一室，心...,¥141起,1143条点评,4.8/5分,Q+桂林阳朔西街朗晴居客栈,桂林好评第145
http://hotel.qunar.com/city/guilin/dt-9678/#from=BSEO-N,桂林桂象阁酒店位于市中心商业圈的中心地段，是度假休闲及商旅居停皆宜的精品酒店。酒店门前即是两江四湖核心区桃花江，推窗见景。花木奇石之间...,¥141起,739条点评,4.6/5分,Q+桂林桂象阁酒店象山公园店,桂林好评第305
http://hotel.qunar.com/city/guilin/dt-9185/#from=BSEO-N,Q+桂林静舍往事位于市中心，地处西城路步行街，桂林夜市区域内。步行至崇善路清真寺只需2-5分钟。距离榕湖或古南门，中心广场均有2-5分...,¥143起,684条点评,4.6/5分,Q+桂林静舍往事精品酒店,桂林好评第305
http://hotel.qunar.com/city/guilin/dt-8071/#from=BSEO-N,Q+花桥虹影精品客栈坐落于桂林市中心七星景区，位于七星公园花桥正大门旁30米，门前就是花桥及小东江，是理想的闹中取静之地，依山傍水，风...,¥151起,759条点评,4.6/5分,Q+桂林花桥虹影精品客栈七星公园店,桂林好评第305
http://hotel.qunar.com/city/guilin/dt-3245/#from=BSEO-N,美景楼位于金坑梯田西山韶乐观景点的东南侧〈龙脊B区一号观景点〉，海拔1000米，这里的梯田如链如带，从山脚一直绕到山顶。真是“风景秀丽...,¥166起,343条点评,4.6/5分,Q+桂林龙胜龙脊美景楼酒店,桂林好评第305
http://hotel.qunar.com/city/guilin/dt-8724/#from=BSEO-N,绿舍，地处桂林中心街道解放东路31号。北邻约五十米可达靖江王城，西行约二十米即是漓江河畔，东走约十米直达桂林热闹繁华的正阳路步行街。桂...,¥166起,1156条点评,4.5/5分,Q+桂林绿舍江畔小院旅行酒店,桂林好评第537
http://hotel.qunar.com/city/guilin/dt-8460/#from=BSEO-N,桂林明月芦花度假酒店位于风景优美的两江四湖中秀气的桃花江畔鲁家村。背靠举世闻名的国宾洞芦笛岩，曾经接待过，尼克斯，克林顿，西哈努克亲王...,¥182起,593条点评,4.8/5分,Q+桂林明月芦花度假酒店,桂林好评第145
